ts,clave,ventana,n,minimo,p10,mediana,mejor_salida,mejor_regreso
2026-10-04T15:05:33+00:00,BER,corto,4,229.0,229.0,329.0,2026-10-22,2026-10-27
2026-10-04T15:05:33+00:00,BER,ultimo_minuto,3,224.0,224.0,295.0,2026-10-16,2026-10-22
2026-10-04T15:05:33+00:00,BOG,ultimo_minuto,4,997.0,997.0,1072.5,2026-10-18,2026-11-09
2026-10-04T15:05:33+00:00,BOG,corto,5,881.0,881.0,936.0,2026-10-21,2026-11-03
2026-10-04T15:05:33+00:00,BER,medio,8,126.0,126.0,195.0,2026-12-11,2026-12-15
2026-10-04T15:05:33+00:00,BOG,medio,10,833.0,833.0,1422.5,2027-02-05,2027-02-21
2026-10-04T15:05:33+00:00,BER,largo,13,127.0,131.0,166.0,2027-04-21,2027-04-27
2026-10-04T15:05:33+00:00,BOG,largo,14,833.0,833.0,833.0,2027-02-20,2027-03-04
2026-10-04T15:05:33+00:00,BER-MAD,largo,6,122.0,122.0,149.0,2027-04-13,2027-04-17
2026-10-04T18:47:08+00:00,BER,ultimo_minuto,98,156.0,223.0,327.0,2026-10-18,2026-10-27
2026-10-04T18:47:08+00:00,BER,corto,217,84.0,124.0,203.0,2026-11-12,2026-11-21
2026-10-04T18:47:08+00:00,BER,medio,588,82.0,128.0,163.0,2026-11-19,2026-11-27
2026-10-04T18:47:08+00:00,BOG,ultimo_minuto,126,804.0,888.0,1029.0,2026-10-07,2026-10-22
2026-10-04T18:47:08+00:00,BOG,corto,279,800.0,851.0,851.0,2026-11-12,2026-11-27
2026-10-04T18:47:08+00:00,BOG,medio,756,800.0,833.0,1001.0,2027-01-21,2027-02-02
2026-10-04T18:47:08+00:00,BER-MAD,ultimo_minuto,98,224.0,238.0,322.0,2026-10-08,2026-10-16
2026-10-04T18:47:08+00:00,BER-MAD,corto,217,76.0,119.0,184.0,2026-11-04,2026-11-12
2026-10-04T18:47:08+00:00,BER-MAD,medio,588,64.0,115.0,155.0,2026-12-03,2026-12-10
2026-10-04T18:47:08+00:00,BOG-MAD,ultimo_minuto,126,730.0,884.0,1005.0,2026-10-18,2026-11-12
2026-10-04T18:47:08+00:00,BOG-MAD,corto,279,726.0,819.0,932.0,2026-10-28,2026-11-12
2026-10-04T18:47:08+00:00,BOG-MAD,medio,756,682.0,724.0,982.0,2027-02-03,2027-02-15
2026-10-04T18:47:08+00:00,MUC,ultimo_minuto,98,193.0,229.0,290.0,2026-10-18,2026-10-27
2026-10-04T18:47:08+00:00,MUC,corto,217,151.0,170.0,215.0,2026-11-18,2026-11-21
2026-10-04T18:47:08+00:00,MUC,medio,588,151.0,151.0,171.0,2026-12-12,2026-12-16
2026-10-04T18:47:08+00:00,BCN,ultimo_minuto,98,97.0,109.0,128.0,2026-10-17,2026-10-24
2026-10-04T18:47:08+00:00,BCN,corto,217,61.0,81.0,97.0,2026-11-03,2026-11-08
2026-10-04T18:47:08+00:00,BCN,medio,588,52.0,77.0,92.5,2026-12-06,2026-12-10
2026-10-04T18:47:08+00:00,IBZ,medio,588,36.0,39.0,43.0,2026-11-23,2026-12-02
2026-10-04T18:47:08+00:00,IBZ,ultimo_minuto,98,37.0,37.0,47.0,2026-10-12,2026-10-17
2026-10-04T18:47:08+00:00,IBZ,corto,217,36.0,37.0,39.0,2026-11-09,2026-11-18
2026-10-04T18:47:08+00:00,AMS,medio,588,140.0,151.0,179.0,2027-01-12,2027-01-15
2026-10-04T18:47:08+00:00,AMS,ultimo_minuto,98,215.0,243.0,297.0,2026-10-17,2026-10-24
2026-10-04T18:47:08+00:00,AMS,corto,217,153.0,183.0,243.0,2026-11-18,2026-11-25
2026-10-04T18:47:08+00:00,LIS,ultimo_minuto,98,45.0,81.0,146.5,2026-10-14,2026-10-20
2026-10-04T18:47:08+00:00,LIS,corto,217,49.0,59.0,70.0,2026-10-21,2026-10-28
2026-10-04T18:47:08+00:00,LIS,medio,588,46.0,53.0,60.0,2027-01-09,2027-01-15
2026-10-04T18:47:08+00:00,ROM,ultimo_minuto,98,125.0,150.0,180.5,2026-10-17,2026-10-25
2026-10-04T18:47:08+00:00,ROM,corto,217,51.0,64.0,95.0,2026-11-14,2026-11-18
2026-10-04T18:47:08+00:00,ROM,medio,588,48.0,57.0,68.0,2026-12-11,2026-12-17
2026-10-04T18:47:08+00:00,MIA,medio,756,427.0,473.0,553.0,2026-11-19,2026-12-04
2026-10-04T18:47:08+00:00,MIA,ultimo_minuto,126,524.0,524.0,734.0,2026-10-07,2026-10-22
2026-10-04T18:47:08+00:00,MIA,corto,279,380.0,380.0,524.0,2026-11-08,2026-11-23
2026-10-04T18:47:08+00:00,MEX,ultimo_minuto,126,1003.0,1035.0,1078.0,2026-10-09,2026-10-29
2026-10-04T18:47:08+00:00,MEX,corto,279,829.0,853.0,884.0,2026-11-05,2026-11-19
2026-10-04T18:47:08+00:00,MEX,medio,756,816.0,840.0,915.0,2027-01-25,2027-02-09
2026-10-04T18:47:08+00:00,NYC,ultimo_minuto,126,375.0,394.0,669.0,2026-10-12,2026-10-28
2026-10-04T18:47:08+00:00,NYC,corto,279,360.0,360.0,390.0,2026-11-04,2026-11-16
2026-10-04T18:47:08+00:00,NYC,medio,756,268.0,360.0,411.0,2027-01-20,2027-02-03
2026-10-04T18:47:08+00:00,DUB,medio,581,45.0,66.0,94.0,2026-12-01,2026-12-05
2026-10-04T18:47:08+00:00,DUB,ultimo_minuto,98,166.0,215.0,317.0,2026-10-14,2026-10-19
2026-10-04T18:47:08+00:00,DUB,corto,217,55.0,70.0,136.0,2026-11-14,2026-11-21
2026-10-04T18:47:08+00:00,BUD,ultimo_minuto,98,120.0,165.0,215.5,2026-10-17,2026-10-26
2026-10-04T18:47:08+00:00,BUD,corto,217,65.0,97.0,130.0,2026-11-11,2026-11-18
2026-10-04T18:47:08+00:00,BUD,medio,588,61.0,76.0,106.0,2026-12-12,2026-12-17
2026-10-04T18:47:08+00:00,KRK,ultimo_minuto,98,117.0,143.0,241.5,2026-10-14,2026-10-22
2026-10-04T18:47:08+00:00,KRK,corto,217,70.0,110.0,159.0,2026-11-18,2026-11-26
2026-10-04T18:47:08+00:00,KRK,medio,588,85.0,100.0,140.0,2027-01-08,2027-01-13
2026-10-04T18:47:08+00:00,SPU,medio,449,147.0,187.0,280.0,2026-12-12,2026-12-18
2026-10-04T18:47:08+00:00,SPU,ultimo_minuto,98,192.0,237.0,350.5,2026-10-17,2026-10-22
2026-10-04T18:47:08+00:00,SPU,corto,217,202.0,257.0,311.0,2026-10-29,2026-11-06
2026-10-04T18:47:08+00:00,JMK,medio,351,270.0,276.0,375.0,2026-11-26,2026-12-02
2026-10-04T18:47:08+00:00,JMK,ultimo_minuto,98,248.0,317.0,447.5,2026-10-16,2026-10-24
2026-10-04T18:47:08+00:00,JMK,corto,208,240.0,276.0,368.0,2026-10-20,2026-10-24
2026-10-04T18:47:08+00:00,BUH,ultimo_minuto,98,159.0,196.0,280.0,2026-10-17,2026-10-20
2026-10-04T18:47:08+00:00,BUH,corto,217,55.0,67.0,114.0,2026-11-14,2026-11-19
2026-10-04T18:47:08+00:00,BUH,medio,588,53.0,84.0,106.0,2026-11-25,2026-12-04
2026-10-04T18:47:08+00:00,BER,largo,497,116.0,136.0,166.0,2027-04-17,2027-04-21
2026-10-04T18:47:08+00:00,BOG,largo,639,767.0,825.0,833.0,2027-04-05,2027-04-19
2026-10-04T18:47:08+00:00,BER-MAD,largo,497,116.0,136.0,170.0,2027-04-01,2027-04-07
2026-10-04T18:47:08+00:00,BOG-MAD,largo,639,672.0,682.0,682.0,2027-02-11,2027-02-23
2026-10-04T20:48:44+00:00,BER,ultimo_minuto,98,156.0,223.0,333.0,2026-10-18,2026-10-27
2026-10-04T20:48:44+00:00,BER,corto,217,84.0,125.0,203.0,2026-11-12,2026-11-21
2026-10-04T20:48:44+00:00,BER,medio,588,83.0,128.0,165.0,2026-11-19,2026-11-27
2026-10-04T20:48:44+00:00,BOG,ultimo_minuto,126,809.0,888.0,1029.0,2026-10-07,2026-10-19
2026-10-04T20:48:44+00:00,BOG,corto,279,807.0,851.0,851.0,2026-11-12,2026-11-24
2026-10-04T20:48:44+00:00,BOG,medio,756,800.0,833.0,1001.0,2027-01-21,2027-02-02
2026-10-04T20:48:44+00:00,BER-MAD,ultimo_minuto,98,224.0,238.0,322.0,2026-10-08,2026-10-16
2026-10-04T20:48:44+00:00,BER-MAD,corto,217,79.0,122.0,185.0,2026-11-05,2026-11-12
2026-10-04T20:48:44+00:00,BER-MAD,medio,588,64.0,115.0,154.0,2026-12-03,2026-12-10
2026-10-04T20:48:44+00:00,BOG-MAD,ultimo_minuto,126,731.0,899.0,1030.5,2026-10-18,2026-11-12
2026-10-04T20:48:44+00:00,BOG-MAD,corto,279,726.0,827.0,932.0,2026-10-28,2026-11-17
2026-10-04T20:48:44+00:00,BOG-MAD,medio,756,682.0,725.0,982.0,2027-02-03,2027-02-15
2026-10-04T20:48:44+00:00,MUC,ultimo_minuto,98,193.0,233.0,297.0,2026-10-18,2026-10-27
2026-10-04T20:48:44+00:00,MUC,corto,217,151.0,170.0,215.0,2026-11-18,2026-11-21
2026-10-04T20:48:44+00:00,MUC,medio,588,151.0,151.0,171.0,2026-12-12,2026-12-16
2026-10-04T20:48:44+00:00,BCN,ultimo_minuto,98,97.0,109.0,128.0,2026-10-17,2026-10-24
2026-10-04T20:48:44+00:00,BCN,corto,217,61.0,81.0,97.0,2026-11-03,2026-11-08
2026-10-04T20:48:44+00:00,BCN,medio,588,52.0,77.0,93.0,2026-12-06,2026-12-10
2026-10-04T20:48:44+00:00,IBZ,medio,588,36.0,39.0,43.0,2026-11-23,2026-12-02
2026-10-04T20:48:44+00:00,IBZ,ultimo_minuto,98,37.0,37.0,47.0,2026-10-12,2026-10-17
2026-10-04T20:48:44+00:00,IBZ,corto,217,36.0,37.0,39.0,2026-11-09,2026-11-18
2026-10-04T20:48:44+00:00,AMS,medio,588,140.0,151.0,179.0,2027-01-12,2027-01-15
2026-10-04T20:48:44+00:00,AMS,ultimo_minuto,98,215.0,243.0,313.0,2026-10-17,2026-10-24
2026-10-04T20:48:44+00:00,AMS,corto,217,153.0,183.0,243.0,2026-11-18,2026-11-25
2026-10-04T20:48:44+00:00,LIS,ultimo_minuto,98,45.0,76.0,147.0,2026-10-14,2026-10-20
2026-10-04T20:48:44+00:00,LIS,corto,217,49.0,59.0,72.0,2026-10-21,2026-10-28
2026-10-04T20:48:44+00:00,LIS,medio,588,46.0,53.0,60.0,2027-01-09,2027-01-15
2026-10-04T20:48:44+00:00,ROM,ultimo_minuto,98,125.0,150.0,181.0,2026-10-17,2026-10-25
2026-10-04T20:48:44+00:00,ROM,corto,217,51.0,64.0,98.0,2026-11-14,2026-11-18
2026-10-04T20:48:44+00:00,ROM,medio,588,48.0,57.0,68.0,2026-12-11,2026-12-17
2026-10-04T20:48:44+00:00,MIA,medio,756,427.0,473.0,553.0,2026-11-20,2026-12-06
2026-10-04T20:48:44+00:00,MIA,ultimo_minuto,126,524.0,564.0,744.0,2026-10-07,2026-10-21
2026-10-04T20:48:44+00:00,MIA,corto,279,380.0,380.0,524.0,2026-11-08,2026-11-24
2026-10-04T20:48:44+00:00,MEX,ultimo_minuto,126,1003.0,1035.0,1078.0,2026-10-09,2026-10-29
2026-10-04T20:48:44+00:00,MEX,corto,279,829.0,853.0,884.0,2026-11-05,2026-11-19
2026-10-04T20:48:44+00:00,MEX,medio,756,816.0,839.0,915.0,2027-01-25,2027-02-10
2026-10-04T20:48:44+00:00,DUB,ultimo_minuto,98,173.0,216.0,317.0,2026-10-17,2026-10-20
2026-10-04T20:48:44+00:00,DUB,corto,217,50.0,71.0,138.0,2026-11-18,2026-11-26
2026-10-04T20:48:44+00:00,DUB,medio,581,41.0,65.0,94.0,2026-11-21,2026-11-26
2026-10-04T20:48:44+00:00,BUD,ultimo_minuto,98,136.0,166.0,215.5,2026-10-17,2026-10-26
2026-10-04T20:48:44+00:00,BUD,corto,217,65.0,97.0,132.0,2026-11-11,2026-11-18
2026-10-04T20:48:44+00:00,BUD,medio,588,62.0,76.0,106.5,2027-01-17,2027-01-22
2026-10-04T20:48:44+00:00,KRK,medio,588,86.0,100.0,140.0,2027-01-12,2027-01-15
2026-10-04T20:48:44+00:00,KRK,ultimo_minuto,98,117.0,148.0,249.5,2026-10-14,2026-10-22
2026-10-04T20:48:44+00:00,KRK,corto,217,70.0,112.0,158.0,2026-11-18,2026-11-26
2026-10-04T20:48:44+00:00,SPU,medio,449,147.0,202.0,282.0,2026-12-10,2026-12-13
2026-10-04T20:48:44+00:00,SPU,ultimo_minuto,98,192.0,237.0,352.0,2026-10-17,2026-10-23
2026-10-04T20:48:44+00:00,SPU,corto,217,202.0,257.0,311.0,2026-10-31,2026-11-06
2026-10-04T20:48:44+00:00,JMK,ultimo_minuto,98,248.0,317.0,448.5,2026-10-16,2026-10-24
2026-10-04T20:48:44+00:00,JMK,corto,208,240.0,276.0,368.0,2026-10-20,2026-10-24
2026-10-04T20:48:44+00:00,JMK,medio,351,270.0,276.0,375.0,2026-11-26,2026-12-02
2026-10-04T20:48:44+00:00,BUH,ultimo_minuto,98,159.0,194.0,290.0,2026-10-17,2026-10-20
2026-10-04T20:48:44+00:00,BUH,corto,217,56.0,70.0,116.0,2026-11-11,2026-11-19
2026-10-04T20:48:44+00:00,BUH,medio,588,53.0,84.0,106.0,2026-11-27,2026-12-05
2026-10-04T20:48:44+00:00,NYC,medio,756,268.0,360.0,411.0,2027-02-05,2027-02-17
2026-10-04T20:48:44+00:00,NYC,ultimo_minuto,126,375.0,406.0,670.5,2026-10-12,2026-10-28
2026-10-04T20:48:44+00:00,NYC,corto,279,360.0,360.0,395.0,2026-11-17,2026-12-03
2026-10-04T20:48:44+00:00,BER,largo,497,116.0,136.0,166.0,2027-04-17,2027-04-21
2026-10-04T20:48:44+00:00,BOG,largo,639,792.0,825.0,833.0,2027-03-12,2027-03-24
2026-10-04T20:48:44+00:00,BER-MAD,largo,497,116.0,136.0,169.0,2027-04-01,2027-04-07
2026-10-04T20:48:44+00:00,BOG-MAD,largo,639,672.0,682.0,682.0,2027-02-11,2027-02-23
2026-10-04T21:45:46+00:00,BER,ultimo_minuto,98,156.0,223.0,333.0,2026-10-18,2026-10-27
2026-10-04T21:45:46+00:00,BER,corto,217,84.0,125.0,203.0,2026-11-12,2026-11-21
2026-10-04T21:45:46+00:00,BER,medio,588,83.0,128.0,166.0,2026-11-19,2026-11-27
2026-10-04T21:45:46+00:00,BOG,ultimo_minuto,112,809.0,888.0,1031.0,2026-10-07,2026-10-19
2026-10-04T21:45:46+00:00,BOG,corto,248,807.0,851.0,851.0,2026-11-12,2026-11-24
2026-10-04T21:45:46+00:00,BOG,medio,740,800.0,833.0,1001.0,2026-11-19,2026-12-08
2026-10-04T21:45:46+00:00,BER-MAD,ultimo_minuto,98,225.0,238.0,322.0,2026-10-13,2026-10-20
2026-10-04T21:45:46+00:00,BER-MAD,corto,217,79.0,122.0,185.0,2026-11-05,2026-11-12
2026-10-04T21:45:46+00:00,BER-MAD,medio,588,64.0,115.0,155.0,2026-12-03,2026-12-10
2026-10-04T21:45:46+00:00,BOG-MAD,ultimo_minuto,126,730.0,899.0,1031.5,2026-10-18,2026-11-12
2026-10-04T21:45:46+00:00,BOG-MAD,corto,279,726.0,829.0,932.0,2026-10-28,2026-11-17
2026-10-04T21:45:46+00:00,BOG-MAD,medio,756,682.0,725.0,982.0,2027-02-03,2027-02-15
2026-10-04T21:45:46+00:00,MUC,ultimo_minuto,98,193.0,233.0,298.0,2026-10-18,2026-10-26
2026-10-04T21:45:46+00:00,MUC,corto,217,151.0,170.0,215.0,2026-11-18,2026-11-21
2026-10-04T21:45:46+00:00,BCN,ultimo_minuto,98,97.0,109.0,128.0,2026-10-17,2026-10-24
2026-10-04T21:45:46+00:00,BCN,corto,217,61.0,81.0,98.0,2026-11-03,2026-11-08
2026-10-04T21:45:46+00:00,IBZ,ultimo_minuto,98,37.0,37.0,47.0,2026-10-12,2026-10-17
2026-10-04T21:45:46+00:00,IBZ,corto,217,36.0,37.0,39.0,2026-11-09,2026-11-18
2026-10-04T21:45:46+00:00,AMS,ultimo_minuto,98,215.0,243.0,317.0,2026-10-17,2026-10-24
2026-10-04T21:45:46+00:00,AMS,corto,217,153.0,183.0,243.0,2026-11-18,2026-11-25
2026-10-04T21:45:46+00:00,LIS,ultimo_minuto,98,45.0,76.0,150.0,2026-10-14,2026-10-20
2026-10-04T21:45:46+00:00,LIS,corto,217,49.0,59.0,72.0,2026-10-21,2026-10-28
2026-10-04T21:45:46+00:00,ROM,ultimo_minuto,98,126.0,150.0,181.5,2026-10-18,2026-10-27
2026-10-04T21:45:46+00:00,ROM,corto,217,51.0,64.0,98.0,2026-11-14,2026-11-18
2026-10-04T21:45:46+00:00,MIA,ultimo_minuto,126,524.0,524.0,744.0,2026-10-07,2026-10-25
2026-10-04T21:45:46+00:00,MIA,corto,279,380.0,380.0,524.0,2026-11-08,2026-11-24
2026-10-04T21:45:46+00:00,MEX,ultimo_minuto,126,1003.0,1035.0,1078.0,2026-10-09,2026-10-29
2026-10-04T21:45:46+00:00,MEX,corto,279,829.0,853.0,884.0,2026-11-05,2026-11-19
2026-10-04T21:45:46+00:00,BUD,ultimo_minuto,98,136.0,166.0,215.5,2026-10-17,2026-10-26
2026-10-04T21:45:46+00:00,BUD,corto,217,65.0,97.0,134.0,2026-11-11,2026-11-18
2026-10-04T21:45:46+00:00,KRK,ultimo_minuto,98,117.0,148.0,251.0,2026-10-14,2026-10-22
2026-10-04T21:45:46+00:00,KRK,corto,217,70.0,113.0,161.0,2026-11-18,2026-11-26
2026-10-04T21:45:46+00:00,SPU,ultimo_minuto,98,192.0,237.0,352.0,2026-10-17,2026-10-22
2026-10-04T21:45:46+00:00,SPU,corto,217,202.0,257.0,313.0,2026-10-31,2026-11-06
2026-10-04T21:45:46+00:00,JMK,ultimo_minuto,98,248.0,317.0,448.5,2026-10-16,2026-10-24
2026-10-04T21:45:46+00:00,JMK,corto,208,240.0,276.0,368.0,2026-10-20,2026-10-24
2026-10-04T21:45:46+00:00,BUH,ultimo_minuto,98,159.0,194.0,290.0,2026-10-17,2026-10-20
2026-10-04T21:45:46+00:00,BUH,corto,217,56.0,71.0,116.0,2026-11-11,2026-11-19
2026-10-04T21:45:46+00:00,NYC,ultimo_minuto,126,375.0,394.0,669.0,2026-10-12,2026-10-26
2026-10-04T21:45:46+00:00,NYC,corto,279,360.0,360.0,395.0,2026-11-03,2026-11-17
2026-10-04T21:45:46+00:00,DUB,ultimo_minuto,98,173.0,216.0,317.0,2026-10-17,2026-10-20
2026-10-04T21:45:46+00:00,DUB,corto,217,53.0,71.0,138.0,2026-11-18,2026-11-26
2026-10-04T21:45:46+00:00,BER,largo,497,116.0,136.0,166.0,2027-04-17,2027-04-21
2026-10-04T21:45:46+00:00,BOG,largo,639,792.0,825.0,833.0,2027-03-12,2027-03-24
2026-10-04T21:45:46+00:00,BER-MAD,largo,497,116.0,136.0,169.0,2027-04-01,2027-04-07
2026-10-04T21:45:46+00:00,BOG-MAD,largo,639,672.0,682.0,682.0,2027-02-11,2027-02-23
2026-10-04T22:03:00+00:00,BER,ultimo_minuto,98,160.0,220.0,321.0,2026-10-18,2026-10-27
2026-10-04T22:03:00+00:00,BER,corto,217,83.0,118.0,199.0,2026-11-19,2026-11-27
2026-10-04T22:03:00+00:00,BER,medio,588,93.0,128.0,166.0,2026-11-20,2026-11-27
2026-10-04T22:03:00+00:00,BOG,ultimo_minuto,126,809.0,896.0,1029.0,2026-10-07,2026-10-19
2026-10-04T22:03:00+00:00,BOG,corto,279,800.0,851.0,851.0,2026-11-17,2026-12-08
2026-10-04T22:03:00+00:00,BOG,medio,756,800.0,833.0,1010.0,2027-01-21,2027-02-02
2026-10-04T22:03:00+00:00,BER-MAD,ultimo_minuto,98,225.0,238.0,323.0,2026-10-13,2026-10-20
2026-10-04T22:03:00+00:00,BER-MAD,corto,217,79.0,122.0,181.0,2026-11-05,2026-11-12
2026-10-04T22:03:00+00:00,BER-MAD,medio,588,64.0,115.0,154.5,2026-12-03,2026-12-10
2026-10-04T22:03:00+00:00,BOG-MAD,ultimo_minuto,126,730.0,870.0,990.0,2026-10-19,2026-11-12
2026-10-04T22:03:00+00:00,BOG-MAD,corto,279,726.0,833.0,936.0,2026-10-28,2026-11-17
2026-10-04T22:03:00+00:00,BOG-MAD,medio,756,672.0,725.0,982.0,2027-02-11,2027-02-23
2026-10-04T22:03:00+00:00,MUC,ultimo_minuto,98,193.0,233.0,286.0,2026-10-18,2026-10-26
2026-10-04T22:03:00+00:00,MUC,corto,217,151.0,170.0,215.0,2026-11-18,2026-11-21
2026-10-04T22:03:00+00:00,BCN,ultimo_minuto,98,83.0,109.0,126.0,2026-10-19,2026-10-27
2026-10-04T22:03:00+00:00,BCN,corto,217,61.0,81.0,99.0,2026-11-03,2026-11-08
2026-10-04T22:03:00+00:00,IBZ,ultimo_minuto,98,37.0,37.0,47.0,2026-10-12,2026-10-17
2026-10-04T22:03:00+00:00,IBZ,corto,217,36.0,37.0,39.0,2026-11-09,2026-11-18
2026-10-04T22:03:00+00:00,AMS,ultimo_minuto,98,215.0,243.0,300.5,2026-10-17,2026-10-24
2026-10-04T22:03:00+00:00,AMS,corto,217,153.0,179.0,238.0,2026-11-18,2026-11-25
2026-10-04T22:03:00+00:00,LIS,ultimo_minuto,98,45.0,70.0,125.0,2026-10-14,2026-10-20
2026-10-04T22:03:00+00:00,LIS,corto,217,49.0,59.0,72.0,2026-10-21,2026-10-28
2026-10-04T22:03:00+00:00,ROM,ultimo_minuto,98,92.0,145.0,173.5,2026-10-19,2026-10-28
2026-10-04T22:03:00+00:00,ROM,corto,217,51.0,64.0,96.0,2026-11-14,2026-11-18
2026-10-04T22:03:00+00:00,MIA,ultimo_minuto,126,524.0,524.0,723.0,2026-10-07,2026-10-25
2026-10-04T22:03:00+00:00,MIA,corto,279,380.0,380.0,523.0,2026-11-08,2026-11-24
2026-10-04T22:03:00+00:00,MEX,ultimo_minuto,126,928.0,1003.0,1070.0,2026-10-19,2026-11-09
2026-10-04T22:03:00+00:00,MEX,corto,279,829.0,853.0,880.0,2026-11-05,2026-11-19
2026-10-04T22:03:00+00:00,KRK,ultimo_minuto,98,117.0,148.0,235.5,2026-10-14,2026-10-22
2026-10-04T22:03:00+00:00,KRK,corto,217,70.0,113.0,161.0,2026-11-18,2026-11-26
2026-10-04T22:03:00+00:00,SPU,ultimo_minuto,98,192.0,237.0,349.5,2026-10-17,2026-10-22
2026-10-04T22:03:00+00:00,SPU,corto,217,180.0,246.0,310.0,2026-11-19,2026-11-28
2026-10-04T22:03:00+00:00,JMK,ultimo_minuto,98,248.0,311.0,433.0,2026-10-16,2026-10-24
2026-10-04T22:03:00+00:00,JMK,corto,207,240.0,276.0,358.0,2026-10-20,2026-10-24
2026-10-04T22:03:00+00:00,BUH,ultimo_minuto,98,113.0,180.0,270.5,2026-10-19,2026-10-28
2026-10-04T22:03:00+00:00,BUH,corto,217,56.0,70.0,112.0,2026-11-11,2026-11-19
2026-10-04T22:03:00+00:00,NYC,ultimo_minuto,126,375.0,406.0,653.0,2026-10-14,2026-11-03
2026-10-04T22:03:00+00:00,NYC,corto,279,360.0,360.0,390.0,2026-11-04,2026-11-16
2026-10-04T22:03:00+00:00,DUB,ultimo_minuto,98,177.0,216.0,313.5,2026-10-17,2026-10-20
2026-10-04T22:03:00+00:00,DUB,corto,217,53.0,71.0,128.0,2026-11-18,2026-11-26
2026-10-04T22:03:00+00:00,BUD,ultimo_minuto,98,136.0,156.0,215.0,2026-10-17,2026-10-26
2026-10-04T22:03:00+00:00,BUD,corto,217,65.0,97.0,132.0,2026-11-11,2026-11-18
2026-10-04T22:03:00+00:00,BER,largo,497,116.0,136.0,167.0,2027-04-17,2027-04-21
2026-10-04T22:03:00+00:00,BOG,largo,639,792.0,829.0,833.0,2027-03-12,2027-03-24
2026-10-04T22:03:00+00:00,BER-MAD,largo,497,116.0,136.0,169.0,2027-04-01,2027-04-07
2026-10-04T22:03:00+00:00,BOG-MAD,largo,639,672.0,682.0,682.0,2027-02-12,2027-02-24
2026-10-05T00:51:39+00:00,BER,ultimo_minuto,98,160.0,220.0,315.0,2026-10-18,2026-10-27
2026-10-05T00:51:39+00:00,BER,corto,217,83.0,119.0,199.0,2026-11-12,2026-11-19
2026-10-05T00:51:39+00:00,BER,medio,588,93.0,128.0,166.0,2026-11-20,2026-11-27
2026-10-05T00:51:39+00:00,BOG,ultimo_minuto,126,846.0,938.0,1029.0,2026-10-15,2026-10-27
2026-10-05T00:51:39+00:00,BOG,corto,279,807.0,851.0,851.0,2026-11-12,2026-11-24
2026-10-05T00:51:39+00:00,BOG,medio,756,800.0,832.0,1021.0,2027-01-21,2027-02-02
2026-10-05T00:51:39+00:00,BER-MAD,ultimo_minuto,98,225.0,238.0,323.0,2026-10-13,2026-10-20
2026-10-05T00:51:39+00:00,BER-MAD,corto,217,80.0,122.0,181.0,2026-11-05,2026-11-12
2026-10-05T00:51:39+00:00,BER-MAD,medio,588,64.0,115.0,155.0,2026-12-03,2026-12-10
2026-10-05T00:51:39+00:00,BOG-MAD,ultimo_minuto,126,731.0,870.0,995.5,2026-10-19,2026-11-12
2026-10-05T00:51:39+00:00,BOG-MAD,corto,279,727.0,833.0,940.0,2026-10-28,2026-11-17
2026-10-05T00:51:39+00:00,BOG-MAD,medio,756,672.0,725.0,982.0,2027-02-11,2027-02-23
2026-10-05T00:51:39+00:00,MUC,ultimo_minuto,98,200.0,233.0,286.5,2026-10-17,2026-10-26
2026-10-05T00:51:39+00:00,MUC,corto,217,151.0,170.0,215.0,2026-11-18,2026-11-21
2026-10-05T00:51:39+00:00,MUC,medio,588,151.0,151.0,171.0,2026-12-09,2026-12-12
2026-10-05T00:51:39+00:00,BCN,ultimo_minuto,98,83.0,109.0,126.0,2026-10-19,2026-10-27
2026-10-05T00:51:39+00:00,BCN,corto,217,61.0,87.0,102.0,2026-11-03,2026-11-08
2026-10-05T00:51:39+00:00,BCN,medio,588,52.0,81.0,95.0,2026-12-06,2026-12-10
2026-10-05T00:51:39+00:00,IBZ,ultimo_minuto,98,37.0,37.0,47.0,2026-10-12,2026-10-15
2026-10-05T00:51:39+00:00,IBZ,corto,217,36.0,37.0,39.0,2026-11-15,2026-11-18
2026-10-05T00:51:39+00:00,IBZ,medio,588,36.0,39.0,43.0,2026-11-22,2026-11-25
2026-10-05T00:51:39+00:00,AMS,ultimo_minuto,98,217.0,243.0,299.0,2026-10-17,2026-10-24
2026-10-05T00:51:39+00:00,AMS,corto,217,153.0,179.0,239.0,2026-11-18,2026-11-25
2026-10-05T00:51:39+00:00,AMS,medio,588,140.0,151.0,179.0,2027-01-12,2027-01-15
2026-10-05T00:51:39+00:00,LIS,ultimo_minuto,98,46.0,69.0,125.5,2026-10-14,2026-10-20
2026-10-05T00:51:39+00:00,LIS,corto,217,49.0,59.0,72.0,2026-10-21,2026-10-28
2026-10-05T00:51:39+00:00,LIS,medio,588,46.0,53.0,60.0,2027-01-09,2027-01-15
2026-10-05T00:51:39+00:00,ROM,ultimo_minuto,98,92.0,145.0,175.0,2026-10-19,2026-10-28
2026-10-05T00:51:39+00:00,ROM,corto,217,50.0,64.0,96.0,2026-11-10,2026-11-18
2026-10-05T00:51:39+00:00,ROM,medio,588,48.0,57.0,69.0,2026-12-11,2026-12-17
2026-10-05T00:51:39+00:00,MIA,ultimo_minuto,126,524.0,564.0,750.0,2026-10-07,2026-10-19
2026-10-05T00:51:39+00:00,MIA,corto,279,380.0,427.0,524.0,2026-11-03,2026-11-15
2026-10-05T00:51:39+00:00,MIA,medio,756,427.0,473.0,556.0,2026-11-20,2026-12-02
2026-10-05T00:51:39+00:00,MEX,ultimo_minuto,126,928.0,1010.0,1103.0,2026-10-19,2026-10-31
2026-10-05T00:51:39+00:00,MEX,corto,279,829.0,853.0,885.0,2026-11-05,2026-11-17
2026-10-05T00:51:39+00:00,MEX,medio,756,816.0,831.0,918.0,2027-01-25,2027-02-06
2026-10-05T00:51:39+00:00,SPU,ultimo_minuto,98,202.0,245.0,353.5,2026-10-17,2026-10-23
2026-10-05T00:51:39+00:00,SPU,corto,217,180.0,256.0,308.0,2026-11-19,2026-11-28
2026-10-05T00:51:39+00:00,SPU,medio,445,147.0,207.0,284.0,2026-12-03,2026-12-06
2026-10-05T00:51:39+00:00,JMK,ultimo_minuto,98,248.0,311.0,435.0,2026-10-16,2026-10-24
2026-10-05T00:51:39+00:00,JMK,corto,207,240.0,276.0,358.0,2026-10-20,2026-10-24
2026-10-05T00:51:39+00:00,JMK,medio,166,251.0,276.0,333.0,2027-01-12,2027-01-16
2026-10-05T00:51:39+00:00,BUH,ultimo_minuto,98,113.0,180.0,270.5,2026-10-19,2026-10-28
2026-10-05T00:51:39+00:00,BUH,corto,217,53.0,70.0,113.0,2026-11-11,2026-11-19
2026-10-05T00:51:39+00:00,BUH,medio,112,53.0,71.0,96.0,2026-11-27,2026-12-05
2026-10-05T00:51:39+00:00,NYC,ultimo_minuto,126,375.0,406.0,669.0,2026-10-12,2026-10-26
2026-10-05T00:51:39+00:00,NYC,corto,279,360.0,360.0,390.0,2026-11-04,2026-11-16
2026-10-05T00:51:39+00:00,NYC,medio,144,365.0,375.0,587.5,2026-11-25,2026-12-07
2026-10-05T00:51:39+00:00,DUB,ultimo_minuto,98,177.0,221.0,313.5,2026-10-17,2026-10-20
2026-10-05T00:51:39+00:00,DUB,corto,217,52.0,71.0,128.0,2026-11-18,2026-11-26
2026-10-05T00:51:39+00:00,DUB,medio,112,43.0,55.0,76.0,2026-11-21,2026-11-26
2026-10-05T00:51:39+00:00,BUD,ultimo_minuto,98,139.0,164.0,215.0,2026-10-19,2026-10-27
2026-10-05T00:51:39+00:00,BUD,corto,217,65.0,98.0,132.0,2026-11-11,2026-11-18
2026-10-05T00:51:39+00:00,BUD,medio,112,70.0,88.0,133.0,2026-12-01,2026-12-04
2026-10-05T00:51:39+00:00,KRK,ultimo_minuto,98,117.0,148.0,235.5,2026-10-14,2026-10-22
2026-10-05T00:51:39+00:00,KRK,corto,217,70.0,112.0,160.0,2026-11-18,2026-11-26
2026-10-05T00:51:39+00:00,KRK,medio,112,87.0,119.0,168.5,2026-11-21,2026-11-26
2026-10-05T00:51:39+00:00,BER,largo,497,116.0,136.0,167.0,2027-04-17,2027-04-21
2026-10-05T00:51:39+00:00,BOG,largo,639,792.0,832.0,833.0,2027-03-12,2027-03-24
2026-10-05T00:51:39+00:00,BER-MAD,largo,497,116.0,136.0,169.0,2027-04-01,2027-04-07
2026-10-05T00:51:39+00:00,BOG-MAD,largo,639,672.0,682.0,682.0,2027-02-12,2027-02-24
2026-10-05T00:51:39+00:00,MUC,largo,497,151.0,151.0,171.0,2027-02-12,2027-02-15
2026-10-05T00:51:39+00:00,BCN,largo,497,52.0,74.0,92.0,2027-02-28,2027-03-05
2026-10-05T00:51:39+00:00,IBZ,largo,497,39.0,43.0,54.0,2027-02-13,2027-02-17
2026-10-05T00:51:39+00:00,AMS,largo,497,152.0,152.0,189.0,2027-02-14,2027-02-17
2026-10-05T00:51:39+00:00,LIS,largo,497,54.0,60.0,60.0,2027-02-14,2027-02-18
2026-10-05T00:51:39+00:00,ROM,largo,497,61.0,72.0,90.0,2027-02-20,2027-02-25
2026-10-05T00:51:39+00:00,MIA,largo,639,473.0,498.0,498.0,2027-02-13,2027-02-25
2026-10-05T00:51:39+00:00,MEX,largo,639,816.0,831.0,840.0,2027-02-15,2027-02-27
2026-10-05T00:51:39+00:00,SPU,largo,13,171.0,187.0,282.0,2027-04-14,2027-04-17
2026-10-05T00:51:39+00:00,JMK,largo,4,280.0,280.0,339.5,2027-04-15,2027-04-18
2026-10-05T03:38:54+00:00,BER,ultimo_minuto,98,160.0,220.0,313.0,2026-10-18,2026-10-27
2026-10-05T03:38:54+00:00,BER,corto,217,83.0,118.0,195.0,2026-11-12,2026-11-19
2026-10-05T03:38:54+00:00,BER,medio,588,92.0,129.0,165.0,2026-11-20,2026-11-27
2026-10-05T03:38:54+00:00,BOG,ultimo_minuto,126,846.0,896.0,1004.0,2026-10-15,2026-10-27
2026-10-05T03:38:54+00:00,BOG,corto,279,800.0,851.0,851.0,2026-11-12,2026-11-25
2026-10-05T03:38:54+00:00,BOG,medio,756,800.0,832.0,1022.0,2027-01-21,2027-02-02
2026-10-05T03:38:54+00:00,BER-MAD,ultimo_minuto,98,224.0,237.0,309.5,2026-10-14,2026-10-20
2026-10-05T03:38:54+00:00,BER-MAD,corto,217,80.0,121.0,180.0,2026-11-05,2026-11-12
2026-10-05T03:38:54+00:00,BER-MAD,medio,588,64.0,115.0,152.0,2026-12-03,2026-12-10
2026-10-05T03:38:54+00:00,BOG-MAD,ultimo_minuto,126,736.0,899.0,982.5,2026-10-19,2026-11-12
2026-10-05T03:38:54+00:00,BOG-MAD,corto,279,731.0,796.0,932.0,2026-10-28,2026-11-17
2026-10-05T03:38:54+00:00,BOG-MAD,medio,688,672.0,725.0,982.0,2027-02-11,2027-02-23
2026-10-05T03:38:54+00:00,MUC,ultimo_minuto,98,193.0,230.0,290.0,2026-10-18,2026-10-26
2026-10-05T03:38:54+00:00,MUC,corto,217,151.0,170.0,215.0,2026-11-18,2026-11-21
2026-10-05T03:38:54+00:00,BCN,ultimo_minuto,98,83.0,106.0,126.0,2026-10-19,2026-10-27
2026-10-05T03:38:54+00:00,BCN,corto,217,61.0,86.0,101.0,2026-11-03,2026-11-08
2026-10-05T03:38:54+00:00,IBZ,ultimo_minuto,98,37.0,37.0,47.0,2026-10-12,2026-10-17
2026-10-05T03:38:54+00:00,IBZ,corto,217,36.0,37.0,39.0,2026-11-09,2026-11-18
2026-10-05T03:38:54+00:00,AMS,ultimo_minuto,98,195.0,233.0,301.0,2026-10-16,2026-10-24
2026-10-05T03:38:54+00:00,AMS,corto,217,153.0,183.0,241.0,2026-11-18,2026-11-25
2026-10-05T03:38:54+00:00,LIS,ultimo_minuto,98,46.0,69.0,123.5,2026-10-14,2026-10-20
2026-10-05T03:38:54+00:00,LIS,corto,217,49.0,60.0,71.0,2026-10-21,2026-10-28
2026-10-05T03:38:54+00:00,ROM,ultimo_minuto,98,92.0,147.0,175.0,2026-10-19,2026-10-28
2026-10-05T03:38:54+00:00,ROM,corto,217,48.0,64.0,96.0,2026-11-10,2026-11-18
2026-10-05T03:38:54+00:00,MIA,ultimo_minuto,126,524.0,524.0,744.0,2026-10-07,2026-10-21
2026-10-05T03:38:54+00:00,MIA,corto,279,380.0,380.0,524.0,2026-11-03,2026-11-17
2026-10-05T03:38:54+00:00,MEX,ultimo_minuto,126,928.0,1003.0,1103.0,2026-10-19,2026-11-10
2026-10-05T03:38:54+00:00,MEX,corto,279,829.0,844.0,884.0,2026-11-05,2026-11-18
2026-10-05T03:38:54+00:00,JMK,ultimo_minuto,98,246.0,309.0,433.0,2026-10-16,2026-10-24
2026-10-05T03:38:54+00:00,JMK,corto,207,240.0,276.0,358.0,2026-10-20,2026-10-24
2026-10-05T03:38:54+00:00,BUH,ultimo_minuto,98,113.0,180.0,276.5,2026-10-19,2026-10-28
2026-10-05T03:38:54+00:00,BUH,corto,217,52.0,69.0,113.0,2026-11-11,2026-11-19
2026-10-05T03:38:54+00:00,NYC,ultimo_minuto,126,375.0,392.0,669.0,2026-10-12,2026-10-26
2026-10-05T03:38:54+00:00,NYC,corto,279,360.0,360.0,390.0,2026-11-03,2026-11-17
2026-10-05T03:38:54+00:00,DUB,ultimo_minuto,98,162.0,218.0,307.5,2026-10-14,2026-10-20
2026-10-05T03:38:54+00:00,DUB,corto,217,52.0,71.0,128.0,2026-11-18,2026-11-26
2026-10-05T03:38:54+00:00,BUD,ultimo_minuto,98,139.0,156.0,215.0,2026-10-19,2026-10-27
2026-10-05T03:38:54+00:00,BUD,corto,217,65.0,97.0,132.0,2026-11-11,2026-11-18
2026-10-05T03:38:54+00:00,KRK,ultimo_minuto,98,117.0,148.0,235.0,2026-10-14,2026-10-22
2026-10-05T03:38:54+00:00,KRK,corto,217,70.0,112.0,159.0,2026-11-18,2026-11-26
2026-10-05T03:38:54+00:00,SPU,ultimo_minuto,98,192.0,237.0,351.5,2026-10-17,2026-10-23
2026-10-05T03:38:54+00:00,SPU,corto,217,167.0,246.0,306.0,2026-11-19,2026-11-22
2026-10-05T03:38:54+00:00,BER,largo,497,116.0,136.0,166.0,2027-04-17,2027-04-21
2026-10-05T03:38:54+00:00,BOG,largo,639,792.0,825.0,833.0,2027-03-12,2027-03-24
2026-10-05T03:38:54+00:00,BER-MAD,largo,497,116.0,136.0,168.0,2027-04-01,2027-04-07
2026-10-05T03:38:54+00:00,BOG-MAD,largo,585,672.0,682.0,682.0,2027-02-12,2027-02-24
2026-10-05T04:03:02+00:00,BER,ultimo_minuto,84,160.0,220.0,313.0,2026-10-18,2026-10-27
2026-10-05T04:03:02+00:00,BER,corto,186,83.0,113.0,194.5,2026-11-12,2026-11-19
2026-10-05T04:03:02+00:00,BER,medio,572,92.0,129.0,165.0,2026-11-20,2026-11-27
2026-10-05T04:03:02+00:00,BOG,ultimo_minuto,112,846.0,938.0,1021.0,2026-10-15,2026-10-27
2026-10-05T04:03:02+00:00,BOG,corto,248,800.0,851.0,851.0,2026-11-12,2026-11-27
2026-10-05T04:03:02+00:00,BOG,medio,733,800.0,833.0,1022.0,2027-01-21,2027-02-02
2026-10-05T04:03:02+00:00,BER-MAD,ultimo_minuto,84,224.0,251.0,311.5,2026-10-14,2026-10-20
2026-10-05T04:03:02+00:00,BER-MAD,corto,186,80.0,123.0,179.0,2026-11-05,2026-11-12
2026-10-05T04:03:02+00:00,BER-MAD,medio,565,64.0,117.0,155.0,2026-12-03,2026-12-10
2026-10-05T04:03:02+00:00,BOG-MAD,ultimo_minuto,126,736.0,899.0,982.5,2026-10-19,2026-11-12
2026-10-05T04:03:02+00:00,BOG-MAD,corto,279,731.0,796.0,932.0,2026-10-28,2026-11-12
2026-10-05T04:03:02+00:00,BOG-MAD,medio,695,672.0,682.0,982.0,2027-02-11,2027-02-23
2026-10-05T04:03:02+00:00,MUC,ultimo_minuto,84,193.0,218.0,293.0,2026-10-18,2026-10-27
2026-10-05T04:03:02+00:00,MUC,corto,186,151.0,170.0,215.0,2026-11-18,2026-11-21
2026-10-05T04:03:02+00:00,BCN,ultimo_minuto,98,83.0,103.0,126.0,2026-10-19,2026-10-27
2026-10-05T04:03:02+00:00,BCN,corto,217,61.0,86.0,101.0,2026-11-03,2026-11-08
2026-10-05T04:03:02+00:00,IBZ,ultimo_minuto,98,37.0,37.0,47.0,2026-10-12,2026-10-17
2026-10-05T04:03:02+00:00,IBZ,corto,217,36.0,37.0,39.0,2026-11-09,2026-11-18
2026-10-05T04:03:02+00:00,AMS,ultimo_minuto,98,195.0,233.0,301.0,2026-10-16,2026-10-24
2026-10-05T04:03:02+00:00,AMS,corto,217,153.0,183.0,241.0,2026-11-18,2026-11-25
2026-10-05T04:03:02+00:00,LIS,ultimo_minuto,98,46.0,69.0,123.0,2026-10-14,2026-10-20
2026-10-05T04:03:02+00:00,LIS,corto,217,49.0,60.0,71.0,2026-10-21,2026-10-28
2026-10-05T04:03:02+00:00,ROM,ultimo_minuto,98,92.0,147.0,175.0,2026-10-19,2026-10-28
2026-10-05T04:03:02+00:00,ROM,corto,217,48.0,64.0,96.0,2026-11-10,2026-11-18
2026-10-05T04:03:02+00:00,MIA,ultimo_minuto,112,524.0,564.0,744.0,2026-10-07,2026-10-22
2026-10-05T04:03:02+00:00,MIA,corto,248,380.0,380.0,524.0,2026-11-08,2026-11-23
2026-10-05T04:03:02+00:00,MEX,ultimo_minuto,126,928.0,1003.0,1103.0,2026-10-19,2026-11-10
2026-10-05T04:03:02+00:00,MEX,corto,279,829.0,844.0,884.0,2026-11-05,2026-11-19
2026-10-05T04:03:02+00:00,BUH,ultimo_minuto,84,113.0,179.0,276.5,2026-10-19,2026-10-28
2026-10-05T04:03:02+00:00,BUH,corto,186,52.0,69.0,114.0,2026-11-11,2026-11-19
2026-10-05T04:03:02+00:00,NYC,ultimo_minuto,126,375.0,391.0,669.0,2026-10-12,2026-10-26
2026-10-05T04:03:02+00:00,NYC,corto,279,360.0,360.0,390.0,2026-11-03,2026-11-17
2026-10-05T04:03:02+00:00,DUB,ultimo_minuto,98,162.0,218.0,306.5,2026-10-14,2026-10-20
2026-10-05T04:03:02+00:00,DUB,corto,217,52.0,71.0,128.0,2026-11-18,2026-11-26
2026-10-05T04:03:02+00:00,BUD,ultimo_minuto,98,139.0,156.0,215.0,2026-10-19,2026-10-27
2026-10-05T04:03:02+00:00,BUD,corto,217,65.0,97.0,133.0,2026-11-11,2026-11-18
2026-10-05T04:03:02+00:00,KRK,ultimo_minuto,98,117.0,148.0,235.0,2026-10-14,2026-10-22
2026-10-05T04:03:02+00:00,KRK,corto,217,70.0,112.0,159.0,2026-11-18,2026-11-26
2026-10-05T04:03:02+00:00,SPU,ultimo_minuto,98,192.0,237.0,351.5,2026-10-17,2026-10-23
2026-10-05T04:03:02+00:00,SPU,corto,217,147.0,246.0,306.0,2026-11-19,2026-11-22
2026-10-05T04:03:02+00:00,JMK,ultimo_minuto,98,246.0,311.0,433.0,2026-10-16,2026-10-24
2026-10-05T04:03:02+00:00,JMK,corto,207,240.0,276.0,358.0,2026-10-20,2026-10-24
2026-10-05T04:03:02+00:00,BER,largo,497,116.0,136.0,166.0,2027-04-17,2027-04-21
2026-10-05T04:03:02+00:00,BOG,largo,585,792.0,825.0,833.0,2027-03-12,2027-03-24
2026-10-05T04:03:02+00:00,BER-MAD,largo,443,116.0,136.0,165.0,2027-04-01,2027-04-07
2026-10-05T04:03:02+00:00,BOG-MAD,largo,639,672.0,682.0,682.0,2027-02-12,2027-02-24
