ts,clave,mes_salida,n,minimo,mediana
2026-09-26T12:01:08+00:00,BOG,2027-02,1,690.0,690.0
2026-09-26T12:01:08+00:00,BOG,2026-10,1,828.0,828.0
2026-09-26T12:01:08+00:00,BOG,2026-12,1,1354.0,1354.0
2026-09-26T12:01:08+00:00,CTG,2027-02,1,857.0,857.0
2026-09-26T12:01:08+00:00,BER,2026-11,4,98.0,123.5
2026-09-26T12:01:08+00:00,BER,2026-12,5,109.0,167.0
2026-09-26T12:01:08+00:00,BER,2026-10,7,138.0,220.0
2026-09-26T12:01:08+00:00,BER,2027-02,1,142.0,142.0
2026-09-26T12:01:08+00:00,MUC,2026-10,5,173.0,240.0
2026-09-26T12:01:08+00:00,MUC,2026-11,1,183.0,183.0
2026-09-26T12:01:08+00:00,ROM,2027-01,1,56.0,56.0
2026-09-26T12:01:08+00:00,ROM,2026-11,1,60.0,60.0
2026-09-26T12:01:08+00:00,ROM,2027-02,2,77.0,78.0
2026-09-26T12:01:08+00:00,ROM,2026-09,2,81.0,85.0
2026-09-26T12:01:08+00:00,ROM,2026-10,21,89.0,141.0
2026-09-26T12:01:08+00:00,ROM,2026-12,3,92.0,111.0
2026-09-26T12:01:08+00:00,ROM,2027-03,1,146.0,146.0
2026-09-26T12:01:08+00:00,BCN,2026-11,1,88.0,88.0
2026-09-26T12:01:08+00:00,BCN,2026-10,5,90.0,103.0
2026-09-26T12:01:08+00:00,AMS,2027-01,2,145.0,146.5
2026-09-26T12:01:08+00:00,AMS,2027-03,1,155.0,155.0
2026-09-26T12:01:08+00:00,AMS,2026-12,2,171.0,175.0
2026-09-26T12:01:08+00:00,AMS,2027-02,2,173.0,184.0
2026-09-26T12:01:08+00:00,AMS,2026-11,2,174.0,176.0
2026-09-26T12:01:08+00:00,AMS,2026-10,15,180.0,228.0
2026-09-26T12:01:08+00:00,AMS,2026-09,2,222.0,227.0
2026-09-26T12:01:08+00:00,NYC,2027-03,1,276.0,276.0
2026-09-26T12:01:08+00:00,NYC,2027-02,1,281.0,281.0
2026-09-26T12:01:08+00:00,NYC,2027-01,1,299.0,299.0
2026-09-26T12:01:08+00:00,NYC,2026-11,2,353.0,353.5
2026-09-26T12:01:08+00:00,NYC,2026-10,2,401.0,471.5
2026-09-26T12:01:08+00:00,NYC,2026-12,1,553.0,553.0
2026-09-26T12:01:08+00:00,MIA,2027-01,1,471.0,471.0
2026-09-26T12:01:08+00:00,MIA,2026-11,1,474.0,474.0
2026-09-26T12:01:08+00:00,MIA,2027-03,1,493.0,493.0
2026-09-26T12:01:08+00:00,MIA,2026-10,4,509.0,557.0
2026-09-26T12:01:08+00:00,MIA,2026-12,1,807.0,807.0
2026-09-26T12:01:08+00:00,LAX,2026-11,9,479.0,618.0
2026-09-26T12:01:08+00:00,LAX,2027-01,1,586.0,586.0
2026-09-26T12:01:08+00:00,LAX,2026-09,1,688.0,688.0
2026-09-26T12:01:08+00:00,LAX,2026-12,1,786.0,786.0
2026-09-26T12:01:08+00:00,SFO,2026-11,1,605.0,605.0
2026-09-26T12:01:08+00:00,X-PMI,2026-11,2,24.0,28.0
2026-09-26T12:01:08+00:00,X-PMI,2027-01,2,33.0,33.5
2026-09-26T12:01:08+00:00,X-PMI,2027-03,2,33.0,45.0
2026-09-26T12:01:08+00:00,X-PMI,2026-10,9,36.0,47.0
2026-09-26T12:01:08+00:00,X-PMI,2026-09,1,66.0,66.0
2026-09-26T12:01:08+00:00,X-AGP,2026-09,1,88.0,88.0
2026-09-26T12:01:08+00:00,X-MIL,2026-11,5,30.0,32.0
2026-09-26T12:01:08+00:00,X-MIL,2026-10,7,35.0,59.0
2026-09-26T12:01:08+00:00,X-MIL,2026-12,3,72.0,77.0
2026-09-26T12:01:08+00:00,X-MIL,2026-09,1,90.0,90.0
2026-09-26T12:01:08+00:00,X-VCE,2026-12,2,56.0,57.5
2026-09-26T12:01:08+00:00,X-VCE,2026-09,3,108.0,148.0
2026-09-26T12:01:08+00:00,X-VCE,2026-10,3,122.0,130.0
2026-09-26T12:01:08+00:00,X-ZAG,2026-09,1,116.0,116.0
2026-09-26T12:01:08+00:00,X-LON,2026-11,2,46.0,55.0
2026-09-26T12:01:08+00:00,X-LON,2026-12,3,47.0,53.0
2026-09-26T12:01:08+00:00,X-LON,2027-01,1,58.0,58.0
2026-09-26T12:01:08+00:00,X-LON,2026-10,4,72.0,84.5
2026-09-26T12:01:08+00:00,X-LON,2027-02,1,79.0,79.0
2026-09-26T12:01:08+00:00,X-LON,2026-09,1,127.0,127.0
2026-09-26T12:01:08+00:00,X-BRU,2026-11,2,69.0,83.5
2026-09-26T12:01:08+00:00,X-BRU,2026-10,2,99.0,137.5
2026-09-26T12:01:08+00:00,X-BRU,2026-09,1,141.0,141.0
2026-09-26T12:01:08+00:00,X-LIS,2026-11,2,59.0,59.0
2026-09-26T12:01:08+00:00,X-LIS,2026-10,2,67.0,70.5
2026-09-26T12:01:08+00:00,X-LIS,2026-09,1,186.0,186.0
2026-09-26T12:01:08+00:00,X-CUN,2027-02,2,720.0,726.5
2026-09-26T12:01:08+00:00,X-CUN,2027-01,6,732.0,767.5
2026-09-26T12:01:08+00:00,X-CUN,2026-10,2,827.0,830.5
2026-09-26T12:01:08+00:00,X-CUN,2026-12,1,842.0,842.0
2026-09-26T12:01:08+00:00,X-CUN,2026-09,1,956.0,956.0
2026-09-26T12:01:08+00:00,X-LIM,2027-03,1,533.0,533.0
2026-09-26T12:01:08+00:00,X-LIM,2026-11,3,697.0,697.0
2026-09-26T12:01:08+00:00,X-LIM,2026-10,1,972.0,972.0
2026-09-26T12:01:08+00:00,X-LIM,2026-09,1,1018.0,1018.0
2026-09-26T12:01:08+00:00,X-LIM,2026-12,1,1602.0,1602.0
2026-09-26T12:01:08+00:00,X-FAO,2026-10,1,32.0,32.0
2026-09-26T12:01:08+00:00,X-FAO,2026-11,1,121.0,121.0
2026-09-26T12:01:08+00:00,X-MAH,2026-10,2,34.0,35.0
2026-09-26T12:01:08+00:00,X-IBZ,2026-10,3,36.0,37.0
2026-09-26T12:01:08+00:00,X-IBZ,2027-01,1,52.0,52.0
2026-09-26T12:01:08+00:00,X-LPA,2026-10,4,40.0,52.5
2026-09-26T12:01:08+00:00,X-BIO,2026-10,1,45.0,45.0
2026-09-26T12:01:08+00:00,X-BIO,2026-11,1,65.0,65.0
2026-09-26T12:01:08+00:00,X-ACE,2026-10,2,46.0,59.5
2026-09-26T12:01:08+00:00,X-ACE,2026-12,1,130.0,130.0
2026-09-26T12:01:08+00:00,X-OVD,2026-11,1,42.0,42.0
2026-09-26T12:01:08+00:00,X-OVD,2026-10,1,47.0,47.0
2026-09-26T12:01:08+00:00,X-OVD,2026-12,1,59.0,59.0
2026-09-26T12:01:08+00:00,X-OVD,2027-02,1,61.0,61.0
2026-09-26T12:01:08+00:00,X-OPO,2026-10,5,49.0,77.0
2026-09-26T12:01:08+00:00,X-OPO,2026-11,2,50.0,54.0
2026-09-26T12:01:08+00:00,X-OPO,2027-01,3,61.0,81.0
2026-09-26T12:01:08+00:00,X-OPO,2026-12,1,70.0,70.0
2026-09-26T12:01:08+00:00,X-MAN,2026-10,2,56.0,89.0
2026-09-26T12:01:08+00:00,X-VLC,2026-10,1,60.0,60.0
2026-09-26T12:01:08+00:00,X-VLC,2026-12,1,74.0,74.0
2026-09-26T12:01:08+00:00,X-TCI,2027-01,2,57.0,91.0
2026-09-26T12:01:08+00:00,X-TCI,2026-10,3,69.0,104.0
2026-09-26T12:01:08+00:00,X-TCI,2026-11,2,80.0,86.0
2026-09-26T12:01:08+00:00,X-TCI,2026-12,1,178.0,178.0
2026-09-26T12:01:08+00:00,X-SDR,2026-11,1,52.0,52.0
2026-09-26T12:01:08+00:00,X-SDR,2026-10,1,72.0,72.0
2026-09-26T12:01:08+00:00,X-VIE,2026-10,1,72.0,72.0
2026-09-26T12:01:08+00:00,X-PMF,2026-10,1,76.0,76.0
2026-09-26T12:01:08+00:00,X-SOF,2026-10,1,94.0,94.0
2026-09-26T12:01:08+00:00,X-SOF,2026-12,1,169.0,169.0
2026-09-26T12:01:08+00:00,X-BUH,2026-10,2,111.0,117.0
2026-09-26T12:01:08+00:00,X-ALC,2026-10,1,111.0,111.0
2026-09-26T12:01:08+00:00,X-PAR,2027-01,2,73.0,82.5
2026-09-26T12:01:08+00:00,X-PAR,2026-11,5,85.0,91.0
2026-09-26T12:01:08+00:00,X-PAR,2027-02,1,85.0,85.0
2026-09-26T12:01:08+00:00,X-PAR,2026-12,6,99.0,111.0
2026-09-26T12:01:08+00:00,X-PAR,2027-03,1,111.0,111.0
2026-09-26T12:01:08+00:00,X-PAR,2026-10,2,114.0,127.5
2026-09-26T12:01:08+00:00,X-WRO,2026-10,1,115.0,115.0
2026-09-26T12:01:08+00:00,X-GDN,2026-11,1,51.0,51.0
2026-09-26T12:01:08+00:00,X-GDN,2027-01,1,91.0,91.0
2026-09-26T12:01:08+00:00,X-GDN,2026-10,1,131.0,131.0
2026-09-26T12:01:08+00:00,X-RMO,2026-11,1,111.0,111.0
2026-09-26T12:01:08+00:00,X-RMO,2027-02,1,131.0,131.0
2026-09-26T12:01:08+00:00,X-RMO,2026-10,1,143.0,143.0
2026-09-26T12:01:08+00:00,X-KRK,2026-12,2,99.0,108.5
2026-09-26T12:01:08+00:00,X-KRK,2026-10,2,151.0,158.0
2026-09-26T12:01:08+00:00,X-LCA,2026-11,3,121.0,138.0
2026-09-26T12:01:08+00:00,X-LCA,2026-10,1,169.0,169.0
2026-09-26T12:01:08+00:00,X-BUD,2026-11,4,87.0,96.0
2026-09-26T12:01:08+00:00,X-BUD,2026-12,5,102.0,142.0
2026-09-26T12:01:08+00:00,X-BUD,2026-10,1,170.0,170.0
2026-09-26T12:01:08+00:00,X-STO,2027-02,1,150.0,150.0
2026-09-26T12:01:08+00:00,X-STO,2026-10,1,185.0,185.0
2026-09-26T12:01:08+00:00,X-IST,2027-02,1,167.0,167.0
2026-09-26T12:01:08+00:00,X-IST,2027-01,1,171.0,171.0
2026-09-26T12:01:08+00:00,X-IST,2027-03,2,173.0,189.5
2026-09-26T12:01:08+00:00,X-IST,2026-12,7,189.0,198.0
2026-09-26T12:01:08+00:00,X-IST,2026-11,1,194.0,194.0
2026-09-26T12:01:08+00:00,X-IST,2026-10,1,219.0,219.0
2026-09-26T12:01:08+00:00,X-ATH,2026-10,1,227.0,227.0
2026-09-26T12:01:08+00:00,X-PFO,2027-01,1,182.0,182.0
2026-09-26T12:01:08+00:00,X-PFO,2026-10,1,268.0,268.0
2026-09-26T12:01:08+00:00,X-MTY,2026-10,2,675.0,711.5
2026-09-26T12:01:08+00:00,X-SJO,2027-02,2,592.0,593.0
2026-09-26T12:01:08+00:00,X-SJO,2027-03,1,625.0,625.0
2026-09-26T12:01:08+00:00,X-SJO,2026-10,1,680.0,680.0
2026-09-26T12:01:08+00:00,X-SJO,2026-11,1,803.0,803.0
2026-09-26T12:01:08+00:00,X-SJO,2027-01,1,893.0,893.0
2026-09-26T12:01:08+00:00,X-SJO,2026-12,1,1325.0,1325.0
2026-09-26T12:01:08+00:00,X-PUJ,2026-11,8,627.0,956.0
2026-09-26T12:01:08+00:00,X-PUJ,2027-02,8,693.0,746.0
2026-09-26T12:01:08+00:00,X-PUJ,2026-10,4,727.0,896.5
2026-09-26T12:01:08+00:00,X-PUJ,2027-01,11,734.0,774.0
2026-09-26T12:01:08+00:00,X-PUJ,2027-03,11,737.0,776.0
2026-09-26T12:01:08+00:00,X-PUJ,2026-12,10,768.0,1153.5
2026-09-26T12:01:08+00:00,X-CCS,2027-03,1,494.0,494.0
2026-09-26T12:01:08+00:00,X-CCS,2026-10,2,735.0,749.5
2026-09-26T12:01:08+00:00,X-CCS,2026-12,1,859.0,859.0
2026-09-26T12:01:08+00:00,X-SDQ,2027-02,1,615.0,615.0
2026-09-26T12:01:08+00:00,X-SDQ,2026-10,1,809.0,809.0
2026-09-26T12:01:08+00:00,X-SDQ,2026-12,1,1047.0,1047.0
2026-09-26T12:01:08+00:00,X-UIO,2027-01,3,706.0,817.0
2026-09-26T12:01:08+00:00,X-UIO,2026-10,1,828.0,828.0
2026-09-26T12:01:08+00:00,X-ASU,2026-10,1,915.0,915.0
2026-09-26T12:01:08+00:00,X-ASU,2026-12,1,1133.0,1133.0
2026-09-26T12:01:08+00:00,X-CLO,2027-03,1,838.0,838.0
2026-09-26T12:01:08+00:00,X-CLO,2027-01,3,900.0,900.0
2026-09-26T12:01:08+00:00,X-CLO,2026-12,1,971.0,971.0
2026-09-26T12:01:08+00:00,X-CLO,2026-10,1,977.0,977.0
2026-09-26T12:01:08+00:00,X-BUE,2027-03,12,479.0,530.5
2026-09-26T12:01:08+00:00,X-BUE,2027-02,17,522.0,676.0
2026-09-26T12:01:08+00:00,X-BUE,2026-11,5,836.0,862.0
2026-09-26T12:01:08+00:00,X-BUE,2027-01,1,863.0,863.0
2026-09-26T12:01:08+00:00,X-BUE,2026-10,3,997.0,1090.0
2026-09-26T12:01:08+00:00,X-BUE,2026-12,2,1135.0,1404.0
2026-09-26T12:01:08+00:00,X-HAV,2027-03,1,877.0,877.0
2026-09-26T12:01:08+00:00,X-HAV,2026-10,4,1049.0,1231.0
2026-09-26T12:01:08+00:00,X-HAV,2026-12,1,1059.0,1059.0
2026-09-26T12:01:08+00:00,X-HAV,2026-11,2,1117.0,1181.5
2026-09-26T12:01:08+00:00,X-MAR,2026-10,1,1142.0,1142.0
2026-09-26T12:01:08+00:00,X-MVD,2026-10,3,1151.0,1159.0
2026-09-26T12:01:08+00:00,X-CTA,2026-11,1,38.0,38.0
2026-09-26T12:01:08+00:00,X-PSA,2026-11,1,39.0,39.0
2026-09-26T12:01:08+00:00,X-DUB,2026-11,1,50.0,50.0
2026-09-26T12:01:08+00:00,X-DUB,2027-03,1,113.0,113.0
2026-09-26T12:01:08+00:00,X-MLA,2026-11,1,53.0,53.0
2026-09-26T12:01:08+00:00,X-MLA,2027-03,1,95.0,95.0
2026-09-26T12:01:08+00:00,X-VGO,2026-11,1,62.0,62.0
2026-09-26T12:01:08+00:00,X-TIA,2026-11,1,71.0,71.0
2026-09-26T12:01:08+00:00,X-TIA,2026-12,1,79.0,79.0
2026-09-26T12:01:08+00:00,X-TIA,2027-01,1,134.0,134.0
2026-09-26T12:01:08+00:00,X-BEG,2026-11,6,86.0,144.5
2026-09-26T12:01:08+00:00,X-BEG,2027-01,1,99.0,99.0
2026-09-26T12:01:08+00:00,X-BEG,2026-12,1,167.0,167.0
2026-09-26T12:01:08+00:00,X-CPH,2026-11,1,87.0,87.0
2026-09-26T12:01:08+00:00,X-CPH,2026-12,1,197.0,197.0
2026-09-26T12:01:08+00:00,X-WAW,2026-11,1,94.0,94.0
2026-09-26T12:01:08+00:00,X-PRG,2026-11,1,98.0,98.0
2026-09-26T12:01:08+00:00,X-PRG,2026-12,1,181.0,181.0
2026-09-26T12:01:08+00:00,X-ZRH,2026-11,2,105.0,121.0
2026-09-26T12:01:08+00:00,X-GLA,2026-11,1,115.0,115.0
2026-09-26T12:01:08+00:00,X-FNC,2026-11,2,130.0,139.0
2026-09-26T12:01:08+00:00,X-MEX,2026-11,2,626.0,765.5
2026-09-26T12:01:08+00:00,X-MEX,2027-01,2,627.0,628.5
2026-09-26T12:01:08+00:00,X-MEX,2027-02,1,669.0,669.0
2026-09-26T12:01:08+00:00,X-MEX,2026-12,2,930.0,949.0
2026-09-26T12:01:08+00:00,X-SAO,2027-02,6,691.0,692.5
2026-09-26T12:01:08+00:00,X-SAO,2027-03,2,703.0,718.5
2026-09-26T12:01:08+00:00,X-SAO,2026-11,2,705.0,713.0
2026-09-26T12:01:08+00:00,X-SAO,2026-12,1,1260.0,1260.0
2026-09-26T12:01:08+00:00,X-RIO,2027-03,2,711.0,713.5
2026-09-26T12:01:08+00:00,X-RIO,2026-11,1,719.0,719.0
2026-09-26T12:01:08+00:00,X-MDE,2026-11,1,861.0,861.0
2026-09-26T12:01:08+00:00,X-MDE,2027-01,1,910.0,910.0
2026-09-26T12:01:08+00:00,X-SCU,2026-11,1,7114.0,7114.0
2026-09-26T12:01:08+00:00,X-BRS,2026-12,1,49.0,49.0
2026-09-26T12:01:08+00:00,X-LYS,2026-12,1,103.0,103.0
2026-09-26T12:01:08+00:00,X-LYS,2027-01,1,106.0,106.0
2026-09-26T12:01:08+00:00,X-NAP,2026-12,1,111.0,111.0
2026-09-26T12:01:08+00:00,X-NCE,2026-12,1,124.0,124.0
2026-09-26T12:01:08+00:00,X-BLQ,2027-01,1,98.0,98.0
2026-09-26T12:01:08+00:00,X-BLQ,2026-12,1,134.0,134.0
2026-09-26T12:01:08+00:00,X-BOD,2026-12,1,144.0,144.0
2026-09-26T12:01:08+00:00,X-EAP,2026-12,1,145.0,145.0
2026-09-26T12:01:08+00:00,X-FRA,2026-12,1,198.0,198.0
2026-09-26T12:01:08+00:00,X-HEL,2026-12,3,247.0,268.0
2026-09-26T12:01:08+00:00,X-HEL,2027-01,1,291.0,291.0
2026-09-26T12:01:08+00:00,X-AYT,2027-02,4,228.0,251.5
2026-09-26T12:01:08+00:00,X-AYT,2026-12,1,288.0,288.0
2026-09-26T12:01:08+00:00,X-PTY,2027-02,1,621.0,621.0
2026-09-26T12:01:08+00:00,X-PTY,2026-12,1,1206.0,1206.0
2026-09-26T12:01:08+00:00,X-GVA,2027-01,1,120.0,120.0
2026-09-26T12:01:08+00:00,X-LUX,2027-03,1,118.0,118.0
2026-09-26T12:01:08+00:00,X-LUX,2027-01,1,154.0,154.0
2026-09-26T12:01:08+00:00,X-INN,2027-01,2,194.0,250.0
2026-09-26T12:01:08+00:00,X-TOS,2027-01,2,194.0,209.0
2026-09-26T12:01:08+00:00,X-ANK,2027-01,1,259.0,259.0
2026-09-26T12:01:08+00:00,X-GYE,2027-01,1,714.0,714.0
2026-09-26T12:01:08+00:00,X-SCL,2027-02,6,828.0,898.5
2026-09-26T12:01:08+00:00,X-SCL,2027-01,1,945.0,945.0
2026-09-26T12:01:08+00:00,X-SSA,2027-01,3,962.0,972.0
2026-09-26T12:01:08+00:00,X-MGF,2027-01,1,1070.0,1070.0
2026-09-26T12:01:08+00:00,X-USH,2027-01,1,1202.0,1202.0
2026-09-26T12:01:08+00:00,X-FLR,2027-02,1,146.0,146.0
2026-09-26T12:01:08+00:00,X-KTT,2027-02,1,265.0,265.0
2026-09-26T12:01:08+00:00,X-SJJ,2027-03,1,194.0,194.0
2026-09-26T12:34:58+00:00,BOG,2027-02,1,690.0,690.0
2026-09-26T12:34:58+00:00,BOG,2026-10,1,828.0,828.0
2026-09-26T12:34:58+00:00,BOG,2026-12,1,1354.0,1354.0
2026-09-26T12:34:58+00:00,CTG,2027-02,1,857.0,857.0
2026-09-26T12:34:58+00:00,BER,2026-11,4,98.0,123.5
2026-09-26T12:34:58+00:00,BER,2026-12,5,109.0,167.0
2026-09-26T12:34:58+00:00,BER,2026-10,7,138.0,220.0
2026-09-26T12:34:58+00:00,BER,2027-02,1,142.0,142.0
2026-09-26T12:34:58+00:00,MUC,2026-10,5,173.0,240.0
2026-09-26T12:34:58+00:00,MUC,2026-11,1,183.0,183.0
2026-09-26T12:34:58+00:00,ROM,2027-01,1,56.0,56.0
2026-09-26T12:34:58+00:00,ROM,2026-11,1,60.0,60.0
2026-09-26T12:34:58+00:00,ROM,2027-02,2,77.0,78.0
2026-09-26T12:34:58+00:00,ROM,2026-09,2,81.0,85.0
2026-09-26T12:34:58+00:00,ROM,2026-10,21,89.0,141.0
2026-09-26T12:34:58+00:00,ROM,2026-12,3,92.0,111.0
2026-09-26T12:34:58+00:00,ROM,2027-03,1,146.0,146.0
2026-09-26T12:34:58+00:00,BCN,2026-11,1,88.0,88.0
2026-09-26T12:34:58+00:00,BCN,2026-10,5,90.0,103.0
2026-09-26T12:34:58+00:00,AMS,2027-01,2,145.0,146.5
2026-09-26T12:34:58+00:00,AMS,2027-03,1,155.0,155.0
2026-09-26T12:34:58+00:00,AMS,2026-12,2,171.0,175.0
2026-09-26T12:34:58+00:00,AMS,2027-02,2,173.0,184.0
2026-09-26T12:34:58+00:00,AMS,2026-11,2,174.0,176.0
2026-09-26T12:34:58+00:00,AMS,2026-10,15,180.0,228.0
2026-09-26T12:34:58+00:00,AMS,2026-09,2,222.0,227.0
2026-09-26T12:34:58+00:00,NYC,2027-03,1,276.0,276.0
2026-09-26T12:34:58+00:00,NYC,2027-02,1,281.0,281.0
2026-09-26T12:34:58+00:00,NYC,2027-01,1,299.0,299.0
2026-09-26T12:34:58+00:00,NYC,2026-11,2,353.0,353.5
2026-09-26T12:34:58+00:00,NYC,2026-10,2,401.0,471.5
2026-09-26T12:34:58+00:00,NYC,2026-12,1,553.0,553.0
2026-09-26T12:34:58+00:00,MIA,2027-01,1,471.0,471.0
2026-09-26T12:34:58+00:00,MIA,2026-11,1,474.0,474.0
2026-09-26T12:34:58+00:00,MIA,2027-03,1,493.0,493.0
2026-09-26T12:34:58+00:00,MIA,2026-10,4,509.0,557.0
2026-09-26T12:34:58+00:00,MIA,2026-12,1,807.0,807.0
2026-09-26T12:34:58+00:00,LAX,2026-11,9,479.0,618.0
2026-09-26T12:34:58+00:00,LAX,2027-01,1,586.0,586.0
2026-09-26T12:34:58+00:00,LAX,2026-09,1,688.0,688.0
2026-09-26T12:34:58+00:00,LAX,2026-12,1,786.0,786.0
2026-09-26T12:34:58+00:00,SFO,2026-11,1,605.0,605.0
2026-09-26T12:34:58+00:00,X-PMI,2026-11,2,24.0,28.0
2026-09-26T12:34:58+00:00,X-PMI,2027-01,2,33.0,33.5
2026-09-26T12:34:58+00:00,X-PMI,2027-03,2,33.0,45.0
2026-09-26T12:34:58+00:00,X-PMI,2026-10,9,36.0,47.0
2026-09-26T12:34:58+00:00,X-PMI,2026-09,1,66.0,66.0
2026-09-26T12:34:58+00:00,X-AGP,2026-09,1,88.0,88.0
2026-09-26T12:34:58+00:00,X-MIL,2026-11,5,30.0,32.0
2026-09-26T12:34:58+00:00,X-MIL,2026-10,7,35.0,59.0
2026-09-26T12:34:58+00:00,X-MIL,2026-12,3,72.0,77.0
2026-09-26T12:34:58+00:00,X-MIL,2026-09,1,90.0,90.0
2026-09-26T12:34:58+00:00,X-VCE,2026-12,2,56.0,57.5
2026-09-26T12:34:58+00:00,X-VCE,2026-09,3,108.0,148.0
2026-09-26T12:34:58+00:00,X-VCE,2026-10,3,122.0,130.0
2026-09-26T12:34:58+00:00,X-ZAG,2026-09,1,116.0,116.0
2026-09-26T12:34:58+00:00,X-LON,2026-11,2,46.0,55.0
2026-09-26T12:34:58+00:00,X-LON,2026-12,3,47.0,53.0
2026-09-26T12:34:58+00:00,X-LON,2027-01,1,58.0,58.0
2026-09-26T12:34:58+00:00,X-LON,2026-10,4,72.0,84.5
2026-09-26T12:34:58+00:00,X-LON,2027-02,1,79.0,79.0
2026-09-26T12:34:58+00:00,X-LON,2026-09,1,127.0,127.0
2026-09-26T12:34:58+00:00,X-BRU,2026-11,2,69.0,83.5
2026-09-26T12:34:58+00:00,X-BRU,2026-10,2,99.0,137.5
2026-09-26T12:34:58+00:00,X-BRU,2026-09,1,141.0,141.0
2026-09-26T12:34:58+00:00,X-LIS,2026-11,2,59.0,59.0
2026-09-26T12:34:58+00:00,X-LIS,2026-10,2,67.0,70.5
2026-09-26T12:34:58+00:00,X-LIS,2026-09,1,186.0,186.0
2026-09-26T12:34:58+00:00,X-CUN,2027-02,2,720.0,726.5
2026-09-26T12:34:58+00:00,X-CUN,2027-01,6,732.0,767.5
2026-09-26T12:34:58+00:00,X-CUN,2026-10,2,827.0,830.5
2026-09-26T12:34:58+00:00,X-CUN,2026-12,1,842.0,842.0
2026-09-26T12:34:58+00:00,X-CUN,2026-09,1,956.0,956.0
2026-09-26T12:34:58+00:00,X-LIM,2027-03,1,533.0,533.0
2026-09-26T12:34:58+00:00,X-LIM,2026-11,3,697.0,697.0
2026-09-26T12:34:58+00:00,X-LIM,2026-10,1,972.0,972.0
2026-09-26T12:34:58+00:00,X-LIM,2026-09,1,1018.0,1018.0
2026-09-26T12:34:58+00:00,X-LIM,2026-12,1,1602.0,1602.0
2026-09-26T12:34:58+00:00,X-FAO,2026-10,1,32.0,32.0
2026-09-26T12:34:58+00:00,X-FAO,2026-11,1,121.0,121.0
2026-09-26T12:34:58+00:00,X-MAH,2026-10,2,34.0,35.0
2026-09-26T12:34:58+00:00,X-IBZ,2026-10,3,36.0,37.0
2026-09-26T12:34:58+00:00,X-IBZ,2027-01,1,52.0,52.0
2026-09-26T12:34:58+00:00,X-LPA,2026-10,4,40.0,52.5
2026-09-26T12:34:58+00:00,X-BIO,2026-10,1,45.0,45.0
2026-09-26T12:34:58+00:00,X-BIO,2026-11,1,65.0,65.0
2026-09-26T12:34:58+00:00,X-ACE,2026-10,2,46.0,59.5
2026-09-26T12:34:58+00:00,X-ACE,2026-12,1,130.0,130.0
2026-09-26T12:34:58+00:00,X-OVD,2026-11,1,42.0,42.0
2026-09-26T12:34:58+00:00,X-OVD,2026-10,1,47.0,47.0
2026-09-26T12:34:58+00:00,X-OVD,2026-12,1,59.0,59.0
2026-09-26T12:34:58+00:00,X-OVD,2027-02,1,61.0,61.0
2026-09-26T12:34:58+00:00,X-OPO,2026-10,5,49.0,77.0
2026-09-26T12:34:58+00:00,X-OPO,2026-11,2,50.0,54.0
2026-09-26T12:34:58+00:00,X-OPO,2027-01,3,61.0,81.0
2026-09-26T12:34:58+00:00,X-OPO,2026-12,1,70.0,70.0
2026-09-26T12:34:58+00:00,X-MAN,2026-10,2,56.0,89.0
2026-09-26T12:34:58+00:00,X-VLC,2026-10,1,60.0,60.0
2026-09-26T12:34:58+00:00,X-VLC,2026-12,1,74.0,74.0
2026-09-26T12:34:58+00:00,X-TCI,2027-01,2,57.0,91.0
2026-09-26T12:34:58+00:00,X-TCI,2026-10,3,69.0,104.0
2026-09-26T12:34:58+00:00,X-TCI,2026-11,2,80.0,86.0
2026-09-26T12:34:58+00:00,X-TCI,2026-12,1,178.0,178.0
2026-09-26T12:34:58+00:00,X-SDR,2026-11,1,52.0,52.0
2026-09-26T12:34:58+00:00,X-SDR,2026-10,1,72.0,72.0
2026-09-26T12:34:58+00:00,X-VIE,2026-10,1,72.0,72.0
2026-09-26T12:34:58+00:00,X-PMF,2026-10,1,76.0,76.0
2026-09-26T12:34:58+00:00,X-SOF,2026-10,1,94.0,94.0
2026-09-26T12:34:58+00:00,X-SOF,2026-12,1,169.0,169.0
2026-09-26T12:34:58+00:00,X-BUH,2026-10,2,111.0,117.0
2026-09-26T12:34:58+00:00,X-ALC,2026-10,1,111.0,111.0
2026-09-26T12:34:58+00:00,X-PAR,2027-01,2,73.0,82.5
2026-09-26T12:34:58+00:00,X-PAR,2026-11,5,85.0,91.0
2026-09-26T12:34:58+00:00,X-PAR,2027-02,1,85.0,85.0
2026-09-26T12:34:58+00:00,X-PAR,2026-12,6,99.0,111.0
2026-09-26T12:34:58+00:00,X-PAR,2027-03,1,111.0,111.0
2026-09-26T12:34:58+00:00,X-PAR,2026-10,2,114.0,127.5
2026-09-26T12:34:58+00:00,X-WRO,2026-10,1,115.0,115.0
2026-09-26T12:34:58+00:00,X-GDN,2026-11,1,51.0,51.0
2026-09-26T12:34:58+00:00,X-GDN,2027-01,1,91.0,91.0
2026-09-26T12:34:58+00:00,X-GDN,2026-10,1,131.0,131.0
2026-09-26T12:34:58+00:00,X-RMO,2026-11,1,111.0,111.0
2026-09-26T12:34:58+00:00,X-RMO,2027-02,1,131.0,131.0
2026-09-26T12:34:58+00:00,X-RMO,2026-10,1,143.0,143.0
2026-09-26T12:34:58+00:00,X-KRK,2026-12,2,99.0,108.5
2026-09-26T12:34:58+00:00,X-KRK,2026-10,2,151.0,158.0
2026-09-26T12:34:58+00:00,X-LCA,2026-11,3,121.0,138.0
2026-09-26T12:34:58+00:00,X-LCA,2026-10,1,169.0,169.0
2026-09-26T12:34:58+00:00,X-BUD,2026-11,4,87.0,96.0
2026-09-26T12:34:58+00:00,X-BUD,2026-12,5,102.0,142.0
2026-09-26T12:34:58+00:00,X-BUD,2026-10,1,170.0,170.0
2026-09-26T12:34:58+00:00,X-STO,2027-02,1,150.0,150.0
2026-09-26T12:34:58+00:00,X-STO,2026-10,1,185.0,185.0
2026-09-26T12:34:58+00:00,X-IST,2027-02,1,167.0,167.0
2026-09-26T12:34:58+00:00,X-IST,2027-01,1,171.0,171.0
2026-09-26T12:34:58+00:00,X-IST,2027-03,2,173.0,189.5
2026-09-26T12:34:58+00:00,X-IST,2026-12,7,189.0,198.0
2026-09-26T12:34:58+00:00,X-IST,2026-11,1,194.0,194.0
2026-09-26T12:34:58+00:00,X-IST,2026-10,1,219.0,219.0
2026-09-26T12:34:58+00:00,X-ATH,2026-10,1,227.0,227.0
2026-09-26T12:34:58+00:00,X-PFO,2027-01,1,182.0,182.0
2026-09-26T12:34:58+00:00,X-PFO,2026-10,1,268.0,268.0
2026-09-26T12:34:58+00:00,X-MTY,2026-10,2,675.0,711.5
2026-09-26T12:34:58+00:00,X-SJO,2027-02,2,592.0,593.0
2026-09-26T12:34:58+00:00,X-SJO,2027-03,1,625.0,625.0
2026-09-26T12:34:58+00:00,X-SJO,2026-10,1,680.0,680.0
2026-09-26T12:34:58+00:00,X-SJO,2026-11,1,803.0,803.0
2026-09-26T12:34:58+00:00,X-SJO,2027-01,1,893.0,893.0
2026-09-26T12:34:58+00:00,X-SJO,2026-12,1,1325.0,1325.0
2026-09-26T12:34:58+00:00,X-PUJ,2026-11,8,627.0,956.0
2026-09-26T12:34:58+00:00,X-PUJ,2027-02,8,693.0,746.0
2026-09-26T12:34:58+00:00,X-PUJ,2026-10,4,727.0,896.5
2026-09-26T12:34:58+00:00,X-PUJ,2027-01,11,734.0,774.0
2026-09-26T12:34:58+00:00,X-PUJ,2027-03,11,737.0,776.0
2026-09-26T12:34:58+00:00,X-PUJ,2026-12,10,768.0,1153.5
2026-09-26T12:34:58+00:00,X-CCS,2027-03,1,494.0,494.0
2026-09-26T12:34:58+00:00,X-CCS,2026-10,2,735.0,749.5
2026-09-26T12:34:58+00:00,X-CCS,2026-12,1,859.0,859.0
2026-09-26T12:34:58+00:00,X-SDQ,2027-02,1,615.0,615.0
2026-09-26T12:34:58+00:00,X-SDQ,2026-10,1,809.0,809.0
2026-09-26T12:34:58+00:00,X-SDQ,2026-12,1,1047.0,1047.0
2026-09-26T12:34:58+00:00,X-UIO,2027-01,3,706.0,817.0
2026-09-26T12:34:58+00:00,X-UIO,2026-10,1,828.0,828.0
2026-09-26T12:34:58+00:00,X-ASU,2026-10,1,915.0,915.0
2026-09-26T12:34:58+00:00,X-ASU,2026-12,1,1133.0,1133.0
2026-09-26T12:34:58+00:00,X-CLO,2027-03,1,838.0,838.0
2026-09-26T12:34:58+00:00,X-CLO,2027-01,3,900.0,900.0
2026-09-26T12:34:58+00:00,X-CLO,2026-12,1,971.0,971.0
2026-09-26T12:34:58+00:00,X-CLO,2026-10,1,977.0,977.0
2026-09-26T12:34:58+00:00,X-BUE,2027-03,12,479.0,530.5
2026-09-26T12:34:58+00:00,X-BUE,2027-02,17,522.0,676.0
2026-09-26T12:34:58+00:00,X-BUE,2026-11,5,781.0,862.0
2026-09-26T12:34:58+00:00,X-BUE,2027-01,1,863.0,863.0
2026-09-26T12:34:58+00:00,X-BUE,2026-10,3,997.0,1090.0
2026-09-26T12:34:58+00:00,X-BUE,2026-12,2,1135.0,1404.0
2026-09-26T12:34:58+00:00,X-HAV,2027-03,1,877.0,877.0
2026-09-26T12:34:58+00:00,X-HAV,2026-10,4,1049.0,1231.0
2026-09-26T12:34:58+00:00,X-HAV,2026-12,1,1059.0,1059.0
2026-09-26T12:34:58+00:00,X-HAV,2026-11,2,1117.0,1181.5
2026-09-26T12:34:58+00:00,X-MAR,2026-10,1,1142.0,1142.0
2026-09-26T12:34:58+00:00,X-MVD,2026-10,3,1151.0,1159.0
2026-09-26T12:34:58+00:00,X-CTA,2026-11,1,38.0,38.0
2026-09-26T12:34:58+00:00,X-PSA,2026-11,1,39.0,39.0
2026-09-26T12:34:58+00:00,X-DUB,2026-11,1,50.0,50.0
2026-09-26T12:34:58+00:00,X-DUB,2027-03,1,113.0,113.0
2026-09-26T12:34:58+00:00,X-MLA,2026-11,1,53.0,53.0
2026-09-26T12:34:58+00:00,X-MLA,2027-03,1,95.0,95.0
2026-09-26T12:34:58+00:00,X-VGO,2026-11,1,62.0,62.0
2026-09-26T12:34:58+00:00,X-TIA,2026-11,1,71.0,71.0
2026-09-26T12:34:58+00:00,X-TIA,2026-12,1,79.0,79.0
2026-09-26T12:34:58+00:00,X-TIA,2027-01,1,134.0,134.0
2026-09-26T12:34:58+00:00,X-BEG,2026-11,6,86.0,144.5
2026-09-26T12:34:58+00:00,X-BEG,2027-01,1,99.0,99.0
2026-09-26T12:34:58+00:00,X-BEG,2026-12,1,167.0,167.0
2026-09-26T12:34:58+00:00,X-CPH,2026-11,1,87.0,87.0
2026-09-26T12:34:58+00:00,X-CPH,2026-12,1,197.0,197.0
2026-09-26T12:34:58+00:00,X-WAW,2026-11,1,94.0,94.0
2026-09-26T12:34:58+00:00,X-PRG,2026-11,1,98.0,98.0
2026-09-26T12:34:58+00:00,X-PRG,2026-12,1,181.0,181.0
2026-09-26T12:34:58+00:00,X-ZRH,2026-11,2,105.0,121.0
2026-09-26T12:34:58+00:00,X-GLA,2026-11,1,115.0,115.0
2026-09-26T12:34:58+00:00,X-FNC,2026-11,2,130.0,139.0
2026-09-26T12:34:58+00:00,X-MEX,2026-11,2,626.0,765.5
2026-09-26T12:34:58+00:00,X-MEX,2027-01,2,627.0,628.5
2026-09-26T12:34:58+00:00,X-MEX,2027-02,1,669.0,669.0
2026-09-26T12:34:58+00:00,X-MEX,2026-12,2,930.0,949.0
2026-09-26T12:34:58+00:00,X-SAO,2027-02,6,691.0,692.5
2026-09-26T12:34:58+00:00,X-SAO,2027-03,2,703.0,718.5
2026-09-26T12:34:58+00:00,X-SAO,2026-11,2,705.0,713.0
2026-09-26T12:34:58+00:00,X-SAO,2026-12,1,1260.0,1260.0
2026-09-26T12:34:58+00:00,X-RIO,2027-03,2,711.0,713.5
2026-09-26T12:34:58+00:00,X-RIO,2026-11,1,719.0,719.0
2026-09-26T12:34:58+00:00,X-MDE,2026-11,1,861.0,861.0
2026-09-26T12:34:58+00:00,X-MDE,2027-01,1,910.0,910.0
2026-09-26T12:34:58+00:00,X-SCU,2026-11,1,7114.0,7114.0
2026-09-26T12:34:58+00:00,X-BRS,2026-12,1,49.0,49.0
2026-09-26T12:34:58+00:00,X-LYS,2026-12,1,103.0,103.0
2026-09-26T12:34:58+00:00,X-LYS,2027-01,1,106.0,106.0
2026-09-26T12:34:58+00:00,X-NAP,2026-12,1,111.0,111.0
2026-09-26T12:34:58+00:00,X-NCE,2026-12,1,124.0,124.0
2026-09-26T12:34:58+00:00,X-BLQ,2027-01,1,98.0,98.0
2026-09-26T12:34:58+00:00,X-BLQ,2026-12,1,134.0,134.0
2026-09-26T12:34:58+00:00,X-BOD,2026-12,1,144.0,144.0
2026-09-26T12:34:58+00:00,X-EAP,2026-12,1,145.0,145.0
2026-09-26T12:34:58+00:00,X-FRA,2026-12,1,198.0,198.0
2026-09-26T12:34:58+00:00,X-HEL,2026-12,3,247.0,268.0
2026-09-26T12:34:58+00:00,X-HEL,2027-01,1,291.0,291.0
2026-09-26T12:34:58+00:00,X-AYT,2027-02,4,228.0,251.5
2026-09-26T12:34:58+00:00,X-AYT,2026-12,1,288.0,288.0
2026-09-26T12:34:58+00:00,X-PTY,2027-02,1,621.0,621.0
2026-09-26T12:34:58+00:00,X-PTY,2026-12,1,1206.0,1206.0
2026-09-26T12:34:58+00:00,X-GVA,2027-01,1,120.0,120.0
2026-09-26T12:34:58+00:00,X-LUX,2027-03,1,118.0,118.0
2026-09-26T12:34:58+00:00,X-LUX,2027-01,1,154.0,154.0
2026-09-26T12:34:58+00:00,X-INN,2027-01,2,194.0,250.0
2026-09-26T12:34:58+00:00,X-TOS,2027-01,2,194.0,209.0
2026-09-26T12:34:58+00:00,X-ANK,2027-01,1,259.0,259.0
2026-09-26T12:34:58+00:00,X-GYE,2027-01,1,644.0,644.0
2026-09-26T12:34:58+00:00,X-SCL,2027-02,6,828.0,898.5
2026-09-26T12:34:58+00:00,X-SCL,2027-01,1,945.0,945.0
2026-09-26T12:34:58+00:00,X-SSA,2027-01,3,962.0,972.0
2026-09-26T12:34:58+00:00,X-MGF,2027-01,1,1070.0,1070.0
2026-09-26T12:34:58+00:00,X-USH,2027-01,1,1202.0,1202.0
2026-09-26T12:34:58+00:00,X-FLR,2027-02,1,146.0,146.0
2026-09-26T12:34:58+00:00,X-KTT,2027-02,1,265.0,265.0
2026-09-26T12:34:58+00:00,X-SJJ,2027-03,1,194.0,194.0
2026-09-26T15:30:30+00:00,BOG,2027-02,1,690.0,690.0
2026-09-26T15:30:30+00:00,BOG,2026-10,1,828.0,828.0
2026-09-26T15:30:30+00:00,BOG,2026-12,1,1354.0,1354.0
2026-09-26T15:30:30+00:00,CTG,2027-02,1,857.0,857.0
2026-09-26T15:30:30+00:00,BER,2026-11,4,98.0,123.5
2026-09-26T15:30:30+00:00,BER,2026-12,5,109.0,167.0
2026-09-26T15:30:30+00:00,BER,2026-10,7,138.0,220.0
2026-09-26T15:30:30+00:00,BER,2027-02,1,142.0,142.0
2026-09-26T15:30:30+00:00,MUC,2026-10,5,173.0,240.0
2026-09-26T15:30:30+00:00,MUC,2026-11,1,183.0,183.0
2026-09-26T15:30:30+00:00,ROM,2027-01,1,56.0,56.0
2026-09-26T15:30:30+00:00,ROM,2026-11,1,60.0,60.0
2026-09-26T15:30:30+00:00,ROM,2027-02,2,77.0,78.0
2026-09-26T15:30:30+00:00,ROM,2026-09,2,81.0,85.0
2026-09-26T15:30:30+00:00,ROM,2026-10,20,89.0,141.0
2026-09-26T15:30:30+00:00,ROM,2026-12,3,92.0,111.0
2026-09-26T15:30:30+00:00,ROM,2027-03,1,146.0,146.0
2026-09-26T15:30:30+00:00,BCN,2026-11,1,88.0,88.0
2026-09-26T15:30:30+00:00,BCN,2026-10,5,90.0,103.0
2026-09-26T15:30:30+00:00,AMS,2027-01,2,145.0,146.5
2026-09-26T15:30:30+00:00,AMS,2027-03,1,155.0,155.0
2026-09-26T15:30:30+00:00,AMS,2026-12,2,171.0,175.0
2026-09-26T15:30:30+00:00,AMS,2027-02,2,173.0,184.0
2026-09-26T15:30:30+00:00,AMS,2026-11,2,174.0,176.0
2026-09-26T15:30:30+00:00,AMS,2026-10,15,180.0,228.0
2026-09-26T15:30:30+00:00,AMS,2026-09,2,222.0,227.0
2026-09-26T15:30:30+00:00,NYC,2027-03,1,276.0,276.0
2026-09-26T15:30:30+00:00,NYC,2027-02,1,281.0,281.0
2026-09-26T15:30:30+00:00,NYC,2027-01,1,299.0,299.0
2026-09-26T15:30:30+00:00,NYC,2026-11,2,353.0,353.5
2026-09-26T15:30:30+00:00,NYC,2026-10,2,401.0,471.5
2026-09-26T15:30:30+00:00,NYC,2026-12,1,553.0,553.0
2026-09-26T15:30:30+00:00,MIA,2027-01,1,471.0,471.0
2026-09-26T15:30:30+00:00,MIA,2026-11,1,474.0,474.0
2026-09-26T15:30:30+00:00,MIA,2027-03,1,493.0,493.0
2026-09-26T15:30:30+00:00,MIA,2026-10,2,509.0,524.0
2026-09-26T15:30:30+00:00,MIA,2026-12,1,807.0,807.0
2026-09-26T15:30:30+00:00,LAX,2026-11,9,479.0,618.0
2026-09-26T15:30:30+00:00,LAX,2027-01,1,586.0,586.0
2026-09-26T15:30:30+00:00,LAX,2026-09,1,688.0,688.0
2026-09-26T15:30:30+00:00,LAX,2026-12,1,786.0,786.0
2026-09-26T15:30:30+00:00,SFO,2026-11,1,605.0,605.0
2026-09-26T15:30:30+00:00,X-PMI,2026-11,2,24.0,28.0
2026-09-26T15:30:30+00:00,X-PMI,2027-01,2,33.0,33.5
2026-09-26T15:30:30+00:00,X-PMI,2027-03,2,33.0,45.0
2026-09-26T15:30:30+00:00,X-PMI,2026-10,7,36.0,47.0
2026-09-26T15:30:30+00:00,X-PMI,2026-09,1,66.0,66.0
2026-09-26T15:30:30+00:00,X-AGP,2026-09,3,72.0,79.0
2026-09-26T15:30:30+00:00,X-AGP,2026-10,1,100.0,100.0
2026-09-26T15:30:30+00:00,X-MIL,2026-11,5,30.0,31.0
2026-09-26T15:30:30+00:00,X-MIL,2026-10,9,32.0,72.0
2026-09-26T15:30:30+00:00,X-MIL,2026-12,3,72.0,77.0
2026-09-26T15:30:30+00:00,X-MIL,2026-09,1,90.0,90.0
2026-09-26T15:30:30+00:00,X-ZAG,2026-09,1,116.0,116.0
2026-09-26T15:30:30+00:00,X-BRU,2026-11,2,69.0,83.5
2026-09-26T15:30:30+00:00,X-BRU,2026-10,2,99.0,137.5
2026-09-26T15:30:30+00:00,X-BRU,2026-09,1,141.0,141.0
2026-09-26T15:30:30+00:00,X-VCE,2026-12,2,56.0,57.5
2026-09-26T15:30:30+00:00,X-VCE,2026-10,3,75.0,122.0
2026-09-26T15:30:30+00:00,X-VCE,2027-03,1,95.0,95.0
2026-09-26T15:30:30+00:00,X-VCE,2026-09,2,148.0,150.0
2026-09-26T15:30:30+00:00,X-LIS,2026-11,2,59.0,59.0
2026-09-26T15:30:30+00:00,X-LIS,2026-10,2,67.0,70.5
2026-09-26T15:30:30+00:00,X-LIS,2026-09,1,186.0,186.0
2026-09-26T15:30:30+00:00,X-CUN,2027-02,2,720.0,726.5
2026-09-26T15:30:30+00:00,X-CUN,2027-01,6,732.0,767.5
2026-09-26T15:30:30+00:00,X-CUN,2026-10,2,827.0,830.5
2026-09-26T15:30:30+00:00,X-CUN,2026-12,1,842.0,842.0
2026-09-26T15:30:30+00:00,X-CUN,2026-09,1,956.0,956.0
2026-09-26T15:30:30+00:00,X-LIM,2027-03,1,533.0,533.0
2026-09-26T15:30:30+00:00,X-LIM,2026-11,3,697.0,697.0
2026-09-26T15:30:30+00:00,X-LIM,2026-09,1,1018.0,1018.0
2026-09-26T15:30:30+00:00,X-LIM,2026-12,1,1602.0,1602.0
2026-09-26T15:30:30+00:00,X-FAO,2026-10,1,32.0,32.0
2026-09-26T15:30:30+00:00,X-FAO,2026-11,1,121.0,121.0
2026-09-26T15:30:30+00:00,X-MAH,2026-10,2,34.0,35.0
2026-09-26T15:30:30+00:00,X-AHO,2026-10,1,34.0,34.0
2026-09-26T15:30:30+00:00,X-IBZ,2026-10,3,36.0,37.0
2026-09-26T15:30:30+00:00,X-IBZ,2027-01,1,52.0,52.0
2026-09-26T15:30:30+00:00,X-LPA,2026-10,2,40.0,49.0
2026-09-26T15:30:30+00:00,X-LPA,2027-01,1,62.0,62.0
2026-09-26T15:30:30+00:00,X-BIO,2026-10,1,45.0,45.0
2026-09-26T15:30:30+00:00,X-BIO,2026-11,1,65.0,65.0
2026-09-26T15:30:30+00:00,X-ACE,2026-10,2,46.0,59.5
2026-09-26T15:30:30+00:00,X-ACE,2026-12,1,130.0,130.0
2026-09-26T15:30:30+00:00,X-OVD,2026-11,1,42.0,42.0
2026-09-26T15:30:30+00:00,X-OVD,2026-10,1,47.0,47.0
2026-09-26T15:30:30+00:00,X-OVD,2026-12,1,59.0,59.0
2026-09-26T15:30:30+00:00,X-OVD,2027-02,1,61.0,61.0
2026-09-26T15:30:30+00:00,X-OPO,2026-10,5,50.0,77.0
2026-09-26T15:30:30+00:00,X-OPO,2026-11,2,50.0,54.0
2026-09-26T15:30:30+00:00,X-OPO,2027-01,3,61.0,81.0
2026-09-26T15:30:30+00:00,X-OPO,2026-12,1,70.0,70.0
2026-09-26T15:30:30+00:00,X-LON,2026-11,2,46.0,55.0
2026-09-26T15:30:30+00:00,X-LON,2026-12,3,47.0,53.0
2026-09-26T15:30:30+00:00,X-LON,2026-10,5,55.0,76.0
2026-09-26T15:30:30+00:00,X-LON,2027-01,1,58.0,58.0
2026-09-26T15:30:30+00:00,X-LON,2027-02,1,79.0,79.0
2026-09-26T15:30:30+00:00,X-MAN,2026-10,2,56.0,89.0
2026-09-26T15:30:30+00:00,X-VLC,2026-10,1,60.0,60.0
2026-09-26T15:30:30+00:00,X-VLC,2026-12,1,74.0,74.0
2026-09-26T15:30:30+00:00,X-TCI,2027-01,2,57.0,91.0
2026-09-26T15:30:30+00:00,X-TCI,2026-10,2,69.0,90.5
2026-09-26T15:30:30+00:00,X-TCI,2026-11,2,80.0,86.0
2026-09-26T15:30:30+00:00,X-TCI,2026-12,1,178.0,178.0
2026-09-26T15:30:30+00:00,X-SDR,2026-11,1,52.0,52.0
2026-09-26T15:30:30+00:00,X-SDR,2026-10,1,72.0,72.0
2026-09-26T15:30:30+00:00,X-VIE,2026-10,1,72.0,72.0
2026-09-26T15:30:30+00:00,X-PMF,2026-10,1,76.0,76.0
2026-09-26T15:30:30+00:00,X-BEG,2026-10,1,85.0,85.0
2026-09-26T15:30:30+00:00,X-BEG,2026-11,6,86.0,144.5
2026-09-26T15:30:30+00:00,X-BEG,2027-01,1,99.0,99.0
2026-09-26T15:30:30+00:00,X-BEG,2026-12,1,167.0,167.0
2026-09-26T15:30:30+00:00,X-SOF,2026-10,1,94.0,94.0
2026-09-26T15:30:30+00:00,X-SOF,2026-12,1,169.0,169.0
2026-09-26T15:30:30+00:00,X-ALC,2026-10,1,97.0,97.0
2026-09-26T15:30:30+00:00,X-GOA,2026-10,1,99.0,99.0
2026-09-26T15:30:30+00:00,X-BUH,2026-10,2,111.0,117.0
2026-09-26T15:30:30+00:00,X-PAR,2027-01,2,73.0,82.5
2026-09-26T15:30:30+00:00,X-PAR,2026-11,5,85.0,91.0
2026-09-26T15:30:30+00:00,X-PAR,2027-02,1,85.0,85.0
2026-09-26T15:30:30+00:00,X-PAR,2026-12,6,99.0,111.0
2026-09-26T15:30:30+00:00,X-PAR,2027-03,1,111.0,111.0
2026-09-26T15:30:30+00:00,X-PAR,2026-10,2,114.0,127.5
2026-09-26T15:30:30+00:00,X-WRO,2026-10,1,115.0,115.0
2026-09-26T15:30:30+00:00,X-GDN,2026-11,1,51.0,51.0
2026-09-26T15:30:30+00:00,X-GDN,2027-01,1,91.0,91.0
2026-09-26T15:30:30+00:00,X-GDN,2026-10,1,131.0,131.0
2026-09-26T15:30:30+00:00,X-RMO,2026-11,1,111.0,111.0
2026-09-26T15:30:30+00:00,X-RMO,2027-02,1,131.0,131.0
2026-09-26T15:30:30+00:00,X-RMO,2026-10,1,143.0,143.0
2026-09-26T15:30:30+00:00,X-KRK,2026-12,2,99.0,108.5
2026-09-26T15:30:30+00:00,X-KRK,2026-10,2,151.0,158.0
2026-09-26T15:30:30+00:00,X-LCA,2026-11,3,121.0,138.0
2026-09-26T15:30:30+00:00,X-LCA,2026-10,1,169.0,169.0
2026-09-26T15:30:30+00:00,X-BUD,2026-11,3,87.0,96.0
2026-09-26T15:30:30+00:00,X-BUD,2026-12,5,102.0,142.0
2026-09-26T15:30:30+00:00,X-BUD,2026-10,1,170.0,170.0
2026-09-26T15:30:30+00:00,X-STO,2027-02,1,150.0,150.0
2026-09-26T15:30:30+00:00,X-STO,2026-10,1,185.0,185.0
2026-09-26T15:30:30+00:00,X-IST,2027-02,1,167.0,167.0
2026-09-26T15:30:30+00:00,X-IST,2027-01,1,171.0,171.0
2026-09-26T15:30:30+00:00,X-IST,2026-12,7,189.0,198.0
2026-09-26T15:30:30+00:00,X-IST,2026-11,1,194.0,194.0
2026-09-26T15:30:30+00:00,X-IST,2027-03,1,206.0,206.0
2026-09-26T15:30:30+00:00,X-IST,2026-10,1,219.0,219.0
2026-09-26T15:30:30+00:00,X-PFO,2027-01,1,182.0,182.0
2026-09-26T15:30:30+00:00,X-PFO,2026-10,1,268.0,268.0
2026-09-26T15:30:30+00:00,X-BCM,2026-10,1,297.0,297.0
2026-09-26T15:30:30+00:00,X-MTY,2026-10,2,675.0,711.5
2026-09-26T15:30:30+00:00,X-PUJ,2026-11,8,627.0,956.0
2026-09-26T15:30:30+00:00,X-PUJ,2027-02,8,693.0,746.0
2026-09-26T15:30:30+00:00,X-PUJ,2026-10,4,727.0,896.5
2026-09-26T15:30:30+00:00,X-PUJ,2027-01,11,734.0,774.0
2026-09-26T15:30:30+00:00,X-PUJ,2027-03,11,737.0,776.0
2026-09-26T15:30:30+00:00,X-PUJ,2026-12,9,768.0,1141.0
2026-09-26T15:30:30+00:00,X-CCS,2027-03,1,494.0,494.0
2026-09-26T15:30:30+00:00,X-CCS,2026-10,2,735.0,749.5
2026-09-26T15:30:30+00:00,X-CCS,2026-12,1,859.0,859.0
2026-09-26T15:30:30+00:00,X-SDQ,2027-02,1,615.0,615.0
2026-09-26T15:30:30+00:00,X-SDQ,2026-10,1,809.0,809.0
2026-09-26T15:30:30+00:00,X-SDQ,2026-12,1,1047.0,1047.0
2026-09-26T15:30:30+00:00,X-UIO,2027-01,3,706.0,817.0
2026-09-26T15:30:30+00:00,X-UIO,2026-10,1,828.0,828.0
2026-09-26T15:30:30+00:00,X-ASU,2026-10,1,915.0,915.0
2026-09-26T15:30:30+00:00,X-ASU,2026-12,2,1133.0,1193.0
2026-09-26T15:30:30+00:00,X-CLO,2027-01,3,900.0,900.0
2026-09-26T15:30:30+00:00,X-CLO,2026-12,1,971.0,971.0
2026-09-26T15:30:30+00:00,X-CLO,2026-10,1,977.0,977.0
2026-09-26T15:30:30+00:00,X-BUE,2027-03,12,479.0,530.5
2026-09-26T15:30:30+00:00,X-BUE,2027-02,18,522.0,678.0
2026-09-26T15:30:30+00:00,X-BUE,2026-11,4,781.0,888.0
2026-09-26T15:30:30+00:00,X-BUE,2027-01,2,863.0,979.0
2026-09-26T15:30:30+00:00,X-BUE,2026-10,3,997.0,1090.0
2026-09-26T15:30:30+00:00,X-BUE,2026-12,2,1135.0,1404.0
2026-09-26T15:30:30+00:00,X-HAV,2027-03,1,877.0,877.0
2026-09-26T15:30:30+00:00,X-HAV,2026-10,4,1049.0,1231.0
2026-09-26T15:30:30+00:00,X-HAV,2026-12,2,1059.0,1253.5
2026-09-26T15:30:30+00:00,X-HAV,2026-11,2,1117.0,1181.5
2026-09-26T15:30:30+00:00,X-MAR,2026-10,1,1142.0,1142.0
2026-09-26T15:30:30+00:00,X-MVD,2026-10,3,1151.0,1159.0
2026-09-26T15:30:30+00:00,X-CTA,2026-11,1,38.0,38.0
2026-09-26T15:30:30+00:00,X-PSA,2026-11,1,39.0,39.0
2026-09-26T15:30:30+00:00,X-DUB,2026-11,1,50.0,50.0
2026-09-26T15:30:30+00:00,X-DUB,2027-03,1,113.0,113.0
2026-09-26T15:30:30+00:00,X-MLA,2026-11,1,53.0,53.0
2026-09-26T15:30:30+00:00,X-MLA,2027-03,1,95.0,95.0
2026-09-26T15:30:30+00:00,X-VGO,2026-11,1,62.0,62.0
2026-09-26T15:30:30+00:00,X-TIA,2026-11,1,71.0,71.0
2026-09-26T15:30:30+00:00,X-TIA,2026-12,1,79.0,79.0
2026-09-26T15:30:30+00:00,X-TIA,2027-01,1,134.0,134.0
2026-09-26T15:30:30+00:00,X-CPH,2026-11,1,88.0,88.0
2026-09-26T15:30:30+00:00,X-CPH,2026-12,1,197.0,197.0
2026-09-26T15:30:30+00:00,X-WAW,2026-11,1,94.0,94.0
2026-09-26T15:30:30+00:00,X-PRG,2026-11,1,98.0,98.0
2026-09-26T15:30:30+00:00,X-PRG,2026-12,1,181.0,181.0
2026-09-26T15:30:30+00:00,X-ZRH,2026-11,2,105.0,121.0
2026-09-26T15:30:30+00:00,X-GLA,2026-11,1,115.0,115.0
2026-09-26T15:30:30+00:00,X-FNC,2026-11,2,130.0,139.0
2026-09-26T15:30:30+00:00,X-MEX,2026-11,2,626.0,765.5
2026-09-26T15:30:30+00:00,X-MEX,2027-01,2,627.0,628.5
2026-09-26T15:30:30+00:00,X-MEX,2027-02,1,669.0,669.0
2026-09-26T15:30:30+00:00,X-MEX,2026-12,2,930.0,949.0
2026-09-26T15:30:30+00:00,X-SAO,2027-02,6,691.0,692.5
2026-09-26T15:30:30+00:00,X-SAO,2027-03,2,703.0,718.5
2026-09-26T15:30:30+00:00,X-SAO,2026-11,2,705.0,713.0
2026-09-26T15:30:30+00:00,X-SAO,2026-12,1,1260.0,1260.0
2026-09-26T15:30:30+00:00,X-RIO,2027-03,2,711.0,713.5
2026-09-26T15:30:30+00:00,X-RIO,2026-11,1,719.0,719.0
2026-09-26T15:30:30+00:00,X-SJO,2027-02,2,592.0,592.0
2026-09-26T15:30:30+00:00,X-SJO,2027-03,1,625.0,625.0
2026-09-26T15:30:30+00:00,X-SJO,2026-11,1,803.0,803.0
2026-09-26T15:30:30+00:00,X-SJO,2027-01,1,893.0,893.0
2026-09-26T15:30:30+00:00,X-SJO,2026-12,1,1325.0,1325.0
2026-09-26T15:30:30+00:00,X-MDE,2026-11,1,861.0,861.0
2026-09-26T15:30:30+00:00,X-MDE,2027-01,1,910.0,910.0
2026-09-26T15:30:30+00:00,X-SCU,2026-11,1,7114.0,7114.0
2026-09-26T15:30:30+00:00,X-BRS,2026-12,1,49.0,49.0
2026-09-26T15:30:30+00:00,X-LYS,2026-12,1,103.0,103.0
2026-09-26T15:30:30+00:00,X-LYS,2027-01,1,106.0,106.0
2026-09-26T15:30:30+00:00,X-NAP,2026-12,1,111.0,111.0
2026-09-26T15:30:30+00:00,X-NCE,2026-12,1,124.0,124.0
2026-09-26T15:30:30+00:00,X-BLQ,2027-01,1,98.0,98.0
2026-09-26T15:30:30+00:00,X-BLQ,2026-12,1,134.0,134.0
2026-09-26T15:30:30+00:00,X-BOD,2026-12,1,144.0,144.0
2026-09-26T15:30:30+00:00,X-EAP,2026-12,1,145.0,145.0
2026-09-26T15:30:30+00:00,X-FRA,2026-12,1,198.0,198.0
2026-09-26T15:30:30+00:00,X-HEL,2026-12,3,247.0,268.0
2026-09-26T15:30:30+00:00,X-HEL,2027-01,1,291.0,291.0
2026-09-26T15:30:30+00:00,X-AYT,2027-02,4,228.0,251.5
2026-09-26T15:30:30+00:00,X-AYT,2026-12,1,288.0,288.0
2026-09-26T15:30:30+00:00,X-PTY,2027-02,1,621.0,621.0
2026-09-26T15:30:30+00:00,X-PTY,2026-12,1,1206.0,1206.0
2026-09-26T15:30:30+00:00,X-GVA,2027-01,1,120.0,120.0
2026-09-26T15:30:30+00:00,X-LUX,2027-01,1,154.0,154.0
2026-09-26T15:30:30+00:00,X-INN,2027-01,2,194.0,250.0
2026-09-26T15:30:30+00:00,X-TOS,2027-01,2,194.0,209.0
2026-09-26T15:30:30+00:00,X-ANK,2027-01,1,259.0,259.0
2026-09-26T15:30:30+00:00,X-GYE,2027-01,1,644.0,644.0
2026-09-26T15:30:30+00:00,X-SCL,2027-02,6,828.0,898.5
2026-09-26T15:30:30+00:00,X-SCL,2027-01,1,945.0,945.0
2026-09-26T15:30:30+00:00,X-SSA,2027-01,3,962.0,972.0
2026-09-26T15:30:30+00:00,X-MGF,2027-01,1,1070.0,1070.0
2026-09-26T15:30:30+00:00,X-USH,2027-01,1,1202.0,1202.0
2026-09-26T15:30:30+00:00,X-FLR,2027-02,1,146.0,146.0
2026-09-26T15:30:30+00:00,X-KTT,2027-02,1,265.0,265.0
2026-09-26T15:30:30+00:00,X-SJJ,2027-03,1,194.0,194.0
2026-09-26T18:33:38+00:00,BOG,2027-02,1,690.0,690.0
2026-09-26T18:33:38+00:00,BOG,2026-10,1,828.0,828.0
2026-09-26T18:33:38+00:00,BOG,2026-12,1,1354.0,1354.0
2026-09-26T18:33:38+00:00,CTG,2027-02,1,857.0,857.0
2026-09-26T18:33:38+00:00,BER,2026-11,4,98.0,123.5
2026-09-26T18:33:38+00:00,BER,2026-12,5,109.0,167.0
2026-09-26T18:33:38+00:00,BER,2026-10,7,138.0,220.0
2026-09-26T18:33:38+00:00,BER,2027-02,1,142.0,142.0
2026-09-26T18:33:38+00:00,MUC,2026-10,5,173.0,240.0
2026-09-26T18:33:38+00:00,MUC,2026-11,1,183.0,183.0
2026-09-26T18:33:38+00:00,ROM,2027-01,1,56.0,56.0
2026-09-26T18:33:38+00:00,ROM,2026-11,1,60.0,60.0
2026-09-26T18:33:38+00:00,ROM,2027-02,2,77.0,78.0
2026-09-26T18:33:38+00:00,ROM,2026-09,2,81.0,85.0
2026-09-26T18:33:38+00:00,ROM,2026-10,20,89.0,141.0
2026-09-26T18:33:38+00:00,ROM,2026-12,3,92.0,111.0
2026-09-26T18:33:38+00:00,ROM,2027-03,1,146.0,146.0
2026-09-26T18:33:38+00:00,BCN,2026-11,1,88.0,88.0
2026-09-26T18:33:38+00:00,BCN,2026-10,6,90.0,101.5
2026-09-26T18:33:38+00:00,AMS,2027-01,2,145.0,146.5
2026-09-26T18:33:38+00:00,AMS,2027-03,1,155.0,155.0
2026-09-26T18:33:38+00:00,AMS,2026-12,2,171.0,175.0
2026-09-26T18:33:38+00:00,AMS,2027-02,2,173.0,184.0
2026-09-26T18:33:38+00:00,AMS,2026-11,2,174.0,176.0
2026-09-26T18:33:38+00:00,AMS,2026-10,15,180.0,228.0
2026-09-26T18:33:38+00:00,AMS,2026-09,2,222.0,227.0
2026-09-26T18:33:38+00:00,NYC,2027-03,1,276.0,276.0
2026-09-26T18:33:38+00:00,NYC,2027-02,1,281.0,281.0
2026-09-26T18:33:38+00:00,NYC,2027-01,1,299.0,299.0
2026-09-26T18:33:38+00:00,NYC,2026-11,2,353.0,353.5
2026-09-26T18:33:38+00:00,NYC,2026-10,2,401.0,471.5
2026-09-26T18:33:38+00:00,NYC,2026-12,1,553.0,553.0
2026-09-26T18:33:38+00:00,MIA,2027-01,1,471.0,471.0
2026-09-26T18:33:38+00:00,MIA,2026-11,1,474.0,474.0
2026-09-26T18:33:38+00:00,MIA,2027-03,1,493.0,493.0
2026-09-26T18:33:38+00:00,MIA,2026-10,2,509.0,524.0
2026-09-26T18:33:38+00:00,MIA,2026-12,1,807.0,807.0
2026-09-26T18:33:38+00:00,LAX,2026-11,9,479.0,618.0
2026-09-26T18:33:38+00:00,LAX,2027-01,1,586.0,586.0
2026-09-26T18:33:38+00:00,LAX,2026-09,1,688.0,688.0
2026-09-26T18:33:38+00:00,SFO,2026-11,1,605.0,605.0
2026-09-26T18:33:38+00:00,X-PMI,2026-11,2,24.0,28.0
2026-09-26T18:33:38+00:00,X-PMI,2027-01,2,33.0,33.5
2026-09-26T18:33:38+00:00,X-PMI,2027-03,2,33.0,45.0
2026-09-26T18:33:38+00:00,X-PMI,2026-10,7,36.0,47.0
2026-09-26T18:33:38+00:00,X-PMI,2026-09,1,66.0,66.0
2026-09-26T18:33:38+00:00,X-AGP,2026-09,3,72.0,88.0
2026-09-26T18:33:38+00:00,X-AGP,2026-10,1,100.0,100.0
2026-09-26T18:33:38+00:00,X-MIL,2026-11,5,30.0,31.0
2026-09-26T18:33:38+00:00,X-MIL,2026-10,8,32.0,65.5
2026-09-26T18:33:38+00:00,X-MIL,2026-12,3,72.0,77.0
2026-09-26T18:33:38+00:00,X-MIL,2026-09,1,90.0,90.0
2026-09-26T18:33:38+00:00,X-ZAG,2026-09,1,116.0,116.0
2026-09-26T18:33:38+00:00,X-BRU,2026-11,2,69.0,83.5
2026-09-26T18:33:38+00:00,X-BRU,2026-09,1,141.0,141.0
2026-09-26T18:33:38+00:00,X-BRU,2026-10,1,176.0,176.0
2026-09-26T18:33:38+00:00,X-VCE,2026-12,2,56.0,57.5
2026-09-26T18:33:38+00:00,X-VCE,2026-10,3,75.0,122.0
2026-09-26T18:33:38+00:00,X-VCE,2027-03,1,95.0,95.0
2026-09-26T18:33:38+00:00,X-VCE,2026-09,2,148.0,150.0
2026-09-26T18:33:38+00:00,X-CUN,2027-02,2,720.0,726.5
2026-09-26T18:33:38+00:00,X-CUN,2027-01,6,732.0,767.5
2026-09-26T18:33:38+00:00,X-CUN,2026-10,2,827.0,830.5
2026-09-26T18:33:38+00:00,X-CUN,2026-12,1,842.0,842.0
2026-09-26T18:33:38+00:00,X-CUN,2026-09,1,956.0,956.0
2026-09-26T18:33:38+00:00,X-LIM,2027-03,1,533.0,533.0
2026-09-26T18:33:38+00:00,X-LIM,2026-11,3,697.0,697.0
2026-09-26T18:33:38+00:00,X-LIM,2026-09,1,1018.0,1018.0
2026-09-26T18:33:38+00:00,X-LIM,2026-12,1,1602.0,1602.0
2026-09-26T18:33:38+00:00,X-FAO,2026-10,1,32.0,32.0
2026-09-26T18:33:38+00:00,X-FAO,2026-11,1,121.0,121.0
2026-09-26T18:33:38+00:00,X-MAH,2026-10,2,34.0,35.0
2026-09-26T18:33:38+00:00,X-AHO,2026-10,1,35.0,35.0
2026-09-26T18:33:38+00:00,X-IBZ,2026-10,3,36.0,37.0
2026-09-26T18:33:38+00:00,X-IBZ,2027-01,1,52.0,52.0
2026-09-26T18:33:38+00:00,X-LPA,2026-10,2,40.0,49.0
2026-09-26T18:33:38+00:00,X-LPA,2027-01,1,62.0,62.0
2026-09-26T18:33:38+00:00,X-BIO,2026-10,2,45.0,64.0
2026-09-26T18:33:38+00:00,X-BIO,2026-11,1,65.0,65.0
2026-09-26T18:33:38+00:00,X-ACE,2026-10,2,46.0,59.5
2026-09-26T18:33:38+00:00,X-ACE,2026-12,1,130.0,130.0
2026-09-26T18:33:38+00:00,X-OVD,2026-11,1,42.0,42.0
2026-09-26T18:33:38+00:00,X-OVD,2026-10,1,47.0,47.0
2026-09-26T18:33:38+00:00,X-OVD,2026-12,1,59.0,59.0
2026-09-26T18:33:38+00:00,X-OVD,2027-02,1,61.0,61.0
2026-09-26T18:33:38+00:00,X-OPO,2026-10,5,50.0,77.0
2026-09-26T18:33:38+00:00,X-OPO,2026-11,2,50.0,54.0
2026-09-26T18:33:38+00:00,X-OPO,2027-01,3,61.0,81.0
2026-09-26T18:33:38+00:00,X-OPO,2026-12,1,70.0,70.0
2026-09-26T18:33:38+00:00,X-LON,2026-11,2,46.0,55.0
2026-09-26T18:33:38+00:00,X-LON,2026-12,3,47.0,53.0
2026-09-26T18:33:38+00:00,X-LON,2026-10,5,55.0,76.0
2026-09-26T18:33:38+00:00,X-LON,2027-01,1,58.0,58.0
2026-09-26T18:33:38+00:00,X-LON,2027-02,1,79.0,79.0
2026-09-26T18:33:38+00:00,X-MAN,2026-10,2,56.0,89.0
2026-09-26T18:33:38+00:00,X-VLC,2026-10,1,60.0,60.0
2026-09-26T18:33:38+00:00,X-VLC,2026-12,1,74.0,74.0
2026-09-26T18:33:38+00:00,X-LIS,2026-11,2,59.0,59.0
2026-09-26T18:33:38+00:00,X-LIS,2026-10,2,67.0,70.5
2026-09-26T18:33:38+00:00,X-TCI,2027-01,2,57.0,91.0
2026-09-26T18:33:38+00:00,X-TCI,2026-10,2,69.0,90.5
2026-09-26T18:33:38+00:00,X-TCI,2026-12,2,79.0,128.5
2026-09-26T18:33:38+00:00,X-TCI,2026-11,2,80.0,86.0
2026-09-26T18:33:38+00:00,X-SDR,2026-11,1,52.0,52.0
2026-09-26T18:33:38+00:00,X-SDR,2026-10,1,72.0,72.0
2026-09-26T18:33:38+00:00,X-VIE,2026-10,1,72.0,72.0
2026-09-26T18:33:38+00:00,X-PMF,2026-10,1,76.0,76.0
2026-09-26T18:33:38+00:00,X-BEG,2026-10,1,85.0,85.0
2026-09-26T18:33:38+00:00,X-BEG,2027-01,1,99.0,99.0
2026-09-26T18:33:38+00:00,X-BEG,2026-11,5,133.0,151.0
2026-09-26T18:33:38+00:00,X-BEG,2026-12,1,167.0,167.0
2026-09-26T18:33:38+00:00,X-SOF,2026-10,1,94.0,94.0
2026-09-26T18:33:38+00:00,X-SOF,2026-12,1,169.0,169.0
2026-09-26T18:33:38+00:00,X-ALC,2026-10,1,97.0,97.0
2026-09-26T18:33:38+00:00,X-GOA,2026-10,1,99.0,99.0
2026-09-26T18:33:38+00:00,X-BUH,2026-10,2,111.0,117.0
2026-09-26T18:33:38+00:00,X-PAR,2027-01,2,73.0,82.5
2026-09-26T18:33:38+00:00,X-PAR,2026-11,5,85.0,91.0
2026-09-26T18:33:38+00:00,X-PAR,2027-02,1,85.0,85.0
2026-09-26T18:33:38+00:00,X-PAR,2026-12,6,99.0,111.0
2026-09-26T18:33:38+00:00,X-PAR,2027-03,1,111.0,111.0
2026-09-26T18:33:38+00:00,X-PAR,2026-10,2,114.0,127.5
2026-09-26T18:33:38+00:00,X-WRO,2026-10,1,115.0,115.0
2026-09-26T18:33:38+00:00,X-GDN,2026-11,1,51.0,51.0
2026-09-26T18:33:38+00:00,X-GDN,2027-01,1,91.0,91.0
2026-09-26T18:33:38+00:00,X-GDN,2026-10,1,131.0,131.0
2026-09-26T18:33:38+00:00,X-KRK,2026-12,3,86.0,99.0
2026-09-26T18:33:38+00:00,X-KRK,2027-02,1,96.0,96.0
2026-09-26T18:33:38+00:00,X-KRK,2026-10,2,135.0,143.0
2026-09-26T18:33:38+00:00,X-RMO,2026-11,1,111.0,111.0
2026-09-26T18:33:38+00:00,X-RMO,2027-02,1,131.0,131.0
2026-09-26T18:33:38+00:00,X-RMO,2026-10,1,143.0,143.0
2026-09-26T18:33:38+00:00,X-LCA,2026-11,3,121.0,138.0
2026-09-26T18:33:38+00:00,X-LCA,2026-10,1,169.0,169.0
2026-09-26T18:33:38+00:00,X-BUD,2026-11,3,87.0,96.0
2026-09-26T18:33:38+00:00,X-BUD,2026-12,5,102.0,141.0
2026-09-26T18:33:38+00:00,X-BUD,2026-10,1,170.0,170.0
2026-09-26T18:33:38+00:00,X-STO,2027-02,1,150.0,150.0
2026-09-26T18:33:38+00:00,X-STO,2026-10,1,185.0,185.0
2026-09-26T18:33:38+00:00,X-IST,2027-02,1,167.0,167.0
2026-09-26T18:33:38+00:00,X-IST,2027-01,1,171.0,171.0
2026-09-26T18:33:38+00:00,X-IST,2026-12,7,189.0,198.0
2026-09-26T18:33:38+00:00,X-IST,2026-11,1,194.0,194.0
2026-09-26T18:33:38+00:00,X-IST,2027-03,1,206.0,206.0
2026-09-26T18:33:38+00:00,X-IST,2026-10,1,219.0,219.0
2026-09-26T18:33:38+00:00,X-PFO,2027-01,1,182.0,182.0
2026-09-26T18:33:38+00:00,X-PFO,2026-10,1,268.0,268.0
2026-09-26T18:33:38+00:00,X-BCM,2026-10,1,297.0,297.0
2026-09-26T18:33:38+00:00,X-MTY,2026-10,2,675.0,711.5
2026-09-26T18:33:38+00:00,X-PUJ,2026-11,8,627.0,956.0
2026-09-26T18:33:38+00:00,X-PUJ,2027-02,8,693.0,746.0
2026-09-26T18:33:38+00:00,X-PUJ,2026-10,4,727.0,896.5
2026-09-26T18:33:38+00:00,X-PUJ,2027-01,11,734.0,774.0
2026-09-26T18:33:38+00:00,X-PUJ,2027-03,11,737.0,776.0
2026-09-26T18:33:38+00:00,X-PUJ,2026-12,9,768.0,1141.0
2026-09-26T18:33:38+00:00,X-CCS,2027-03,1,526.0,526.0
2026-09-26T18:33:38+00:00,X-CCS,2026-10,2,735.0,749.5
2026-09-26T18:33:38+00:00,X-CCS,2026-12,1,859.0,859.0
2026-09-26T18:33:38+00:00,X-SDQ,2027-02,1,615.0,615.0
2026-09-26T18:33:38+00:00,X-SDQ,2026-10,1,809.0,809.0
2026-09-26T18:33:38+00:00,X-SDQ,2026-12,1,1047.0,1047.0
2026-09-26T18:33:38+00:00,X-UIO,2027-01,3,706.0,817.0
2026-09-26T18:33:38+00:00,X-UIO,2026-10,1,828.0,828.0
2026-09-26T18:33:38+00:00,X-ASU,2026-10,1,915.0,915.0
2026-09-26T18:33:38+00:00,X-ASU,2026-12,2,1133.0,1193.0
2026-09-26T18:33:38+00:00,X-SCL,2027-02,6,828.0,898.5
2026-09-26T18:33:38+00:00,X-SCL,2027-01,1,945.0,945.0
2026-09-26T18:33:38+00:00,X-SCL,2026-10,1,958.0,958.0
2026-09-26T18:33:38+00:00,X-CLO,2027-01,3,900.0,900.0
2026-09-26T18:33:38+00:00,X-CLO,2026-12,1,971.0,971.0
2026-09-26T18:33:38+00:00,X-CLO,2026-10,1,977.0,977.0
2026-09-26T18:33:38+00:00,X-BUE,2027-03,12,479.0,530.5
2026-09-26T18:33:38+00:00,X-BUE,2027-02,18,522.0,678.0
2026-09-26T18:33:38+00:00,X-BUE,2026-11,4,781.0,888.0
2026-09-26T18:33:38+00:00,X-BUE,2027-01,2,863.0,979.0
2026-09-26T18:33:38+00:00,X-BUE,2026-10,3,997.0,1090.0
2026-09-26T18:33:38+00:00,X-BUE,2026-12,2,1135.0,1404.0
2026-09-26T18:33:38+00:00,X-HAV,2027-03,1,877.0,877.0
2026-09-26T18:33:38+00:00,X-HAV,2026-10,5,1049.0,1246.0
2026-09-26T18:33:38+00:00,X-HAV,2026-12,2,1059.0,1253.5
2026-09-26T18:33:38+00:00,X-HAV,2026-11,3,1117.0,1246.0
2026-09-26T18:33:38+00:00,X-MAR,2026-10,1,1142.0,1142.0
2026-09-26T18:33:38+00:00,X-MVD,2026-10,3,1151.0,1159.0
2026-09-26T18:33:38+00:00,X-CTA,2026-11,1,38.0,38.0
2026-09-26T18:33:38+00:00,X-PSA,2026-11,1,39.0,39.0
2026-09-26T18:33:38+00:00,X-DUB,2026-11,1,50.0,50.0
2026-09-26T18:33:38+00:00,X-DUB,2027-03,1,113.0,113.0
2026-09-26T18:33:38+00:00,X-MLA,2026-11,1,53.0,53.0
2026-09-26T18:33:38+00:00,X-MLA,2027-03,1,95.0,95.0
2026-09-26T18:33:38+00:00,X-VGO,2026-11,1,62.0,62.0
2026-09-26T18:33:38+00:00,X-TIA,2026-11,1,71.0,71.0
2026-09-26T18:33:38+00:00,X-TIA,2026-12,1,79.0,79.0
2026-09-26T18:33:38+00:00,X-CPH,2026-11,1,88.0,88.0
2026-09-26T18:33:38+00:00,X-CPH,2026-12,1,197.0,197.0
2026-09-26T18:33:38+00:00,X-WAW,2026-11,1,94.0,94.0
2026-09-26T18:33:38+00:00,X-PRG,2026-11,2,98.0,101.0
2026-09-26T18:33:38+00:00,X-PRG,2026-12,1,181.0,181.0
2026-09-26T18:33:38+00:00,X-ZRH,2026-11,2,105.0,121.0
2026-09-26T18:33:38+00:00,X-GLA,2026-11,1,115.0,115.0
2026-09-26T18:33:38+00:00,X-FNC,2026-11,2,130.0,139.0
2026-09-26T18:33:38+00:00,X-MEX,2026-11,2,626.0,765.5
2026-09-26T18:33:38+00:00,X-MEX,2027-01,2,627.0,628.5
2026-09-26T18:33:38+00:00,X-MEX,2027-02,1,669.0,669.0
2026-09-26T18:33:38+00:00,X-MEX,2026-12,2,930.0,949.0
2026-09-26T18:33:38+00:00,X-SAO,2027-02,6,691.0,692.5
2026-09-26T18:33:38+00:00,X-SAO,2027-03,2,703.0,718.5
2026-09-26T18:33:38+00:00,X-SAO,2026-11,2,705.0,713.0
2026-09-26T18:33:38+00:00,X-SAO,2026-12,1,1260.0,1260.0
2026-09-26T18:33:38+00:00,X-RIO,2027-03,1,716.0,716.0
2026-09-26T18:33:38+00:00,X-RIO,2026-11,1,719.0,719.0
2026-09-26T18:33:38+00:00,X-SJO,2027-02,2,592.0,592.0
2026-09-26T18:33:38+00:00,X-SJO,2027-03,1,625.0,625.0
2026-09-26T18:33:38+00:00,X-SJO,2026-11,1,803.0,803.0
2026-09-26T18:33:38+00:00,X-SJO,2027-01,1,893.0,893.0
2026-09-26T18:33:38+00:00,X-SJO,2026-12,1,1325.0,1325.0
2026-09-26T18:33:38+00:00,X-MDE,2026-11,1,861.0,861.0
2026-09-26T18:33:38+00:00,X-MDE,2027-01,1,910.0,910.0
2026-09-26T18:33:38+00:00,X-SCU,2026-11,1,7114.0,7114.0
2026-09-26T18:33:38+00:00,X-BRS,2026-12,1,49.0,49.0
2026-09-26T18:33:38+00:00,X-LYS,2026-12,1,103.0,103.0
2026-09-26T18:33:38+00:00,X-LYS,2027-01,1,106.0,106.0
2026-09-26T18:33:38+00:00,X-NAP,2026-12,1,111.0,111.0
2026-09-26T18:33:38+00:00,X-NCE,2026-12,1,124.0,124.0
2026-09-26T18:33:38+00:00,X-BLQ,2027-01,1,98.0,98.0
2026-09-26T18:33:38+00:00,X-BLQ,2026-12,1,134.0,134.0
2026-09-26T18:33:38+00:00,X-BOD,2026-12,1,144.0,144.0
2026-09-26T18:33:38+00:00,X-EAP,2026-12,1,145.0,145.0
2026-09-26T18:33:38+00:00,X-FRA,2026-12,1,198.0,198.0
2026-09-26T18:33:38+00:00,X-HEL,2026-12,3,247.0,268.0
2026-09-26T18:33:38+00:00,X-HEL,2027-01,1,291.0,291.0
2026-09-26T18:33:38+00:00,X-AYT,2027-02,4,228.0,251.5
2026-09-26T18:33:38+00:00,X-AYT,2026-12,1,288.0,288.0
2026-09-26T18:33:38+00:00,X-PTY,2027-02,1,621.0,621.0
2026-09-26T18:33:38+00:00,X-PTY,2026-12,1,1206.0,1206.0
2026-09-26T18:33:38+00:00,X-GVA,2027-01,1,120.0,120.0
2026-09-26T18:33:38+00:00,X-LUX,2027-01,1,154.0,154.0
2026-09-26T18:33:38+00:00,X-INN,2027-01,2,194.0,250.0
2026-09-26T18:33:38+00:00,X-TOS,2027-01,2,194.0,209.0
2026-09-26T18:33:38+00:00,X-ANK,2027-01,1,259.0,259.0
2026-09-26T18:33:38+00:00,X-GYE,2027-01,1,644.0,644.0
2026-09-26T18:33:38+00:00,X-SSA,2027-01,3,962.0,972.0
2026-09-26T18:33:38+00:00,X-MGF,2027-01,1,1070.0,1070.0
2026-09-26T18:33:38+00:00,X-USH,2027-01,1,1202.0,1202.0
2026-09-26T18:33:38+00:00,X-FLR,2027-02,1,146.0,146.0
2026-09-26T18:33:38+00:00,X-KTT,2027-02,1,265.0,265.0
2026-09-26T18:33:38+00:00,X-SJJ,2027-03,1,194.0,194.0
2026-09-26T20:34:25+00:00,BER@corto,2026-11,3,98.0,134.0
2026-09-26T20:34:25+00:00,BER@corto,2026-10,3,194.0,220.0
2026-09-26T20:34:25+00:00,BER@medio,2026-12,5,109.0,167.0
2026-09-26T20:34:25+00:00,BER@medio,2026-11,1,113.0,113.0
2026-09-26T20:34:25+00:00,BER@medio,2027-02,1,142.0,142.0
2026-09-26T20:34:25+00:00,BER@ultimo_minuto,2026-10,4,138.0,209.5
2026-09-26T20:34:25+00:00,MUC@corto,2026-10,2,173.0,206.5
2026-09-26T20:34:25+00:00,MUC@corto,2026-11,1,183.0,183.0
2026-09-26T20:34:25+00:00,MUC@ultimo_minuto,2026-10,3,238.0,246.0
2026-09-26T20:34:25+00:00,BCN@corto,2026-10,5,90.0,100.0
2026-09-26T20:34:25+00:00,BCN@ultimo_minuto,2026-10,1,134.0,134.0
2026-09-26T20:34:25+00:00,IBZ@corto,2026-10,2,36.0,38.0
2026-09-26T20:34:25+00:00,IBZ@medio,2027-01,1,52.0,52.0
2026-09-26T20:34:25+00:00,IBZ@ultimo_minuto,2026-10,2,153.0,157.0
2026-09-26T20:34:25+00:00,AMS@medio,2027-01,2,145.0,146.5
2026-09-26T20:34:25+00:00,AMS@medio,2027-03,1,155.0,155.0
2026-09-26T20:34:25+00:00,AMS@medio,2026-12,4,171.0,193.5
2026-09-26T20:34:25+00:00,AMS@medio,2027-02,2,173.0,184.0
2026-09-26T20:34:25+00:00,AMS@corto,2026-11,2,174.0,176.0
2026-09-26T20:34:25+00:00,AMS@corto,2026-10,8,201.0,224.0
2026-09-26T20:34:25+00:00,AMS@ultimo_minuto,2026-10,7,180.0,233.0
2026-09-26T20:34:25+00:00,AMS@ultimo_minuto,2026-09,2,222.0,227.0
2026-09-26T20:34:25+00:00,LIS@corto,2026-11,2,59.0,59.0
2026-09-26T20:34:25+00:00,LIS@corto,2026-10,6,67.0,85.5
2026-09-26T20:34:25+00:00,LIS@ultimo_minuto,2026-10,6,138.0,170.0
2026-09-26T20:34:25+00:00,LIS@ultimo_minuto,2026-09,4,157.0,174.0
2026-09-26T20:34:25+00:00,ROM@medio,2027-01,1,56.0,56.0
2026-09-26T20:34:25+00:00,ROM@medio,2027-02,2,77.0,78.0
2026-09-26T20:34:25+00:00,ROM@medio,2026-12,3,92.0,111.0
2026-09-26T20:34:25+00:00,ROM@medio,2027-03,1,146.0,146.0
2026-09-26T20:34:25+00:00,ROM@corto,2026-11,2,60.0,64.0
2026-09-26T20:34:25+00:00,ROM@corto,2026-10,8,89.0,118.0
2026-09-26T20:34:25+00:00,ROM@ultimo_minuto,2026-09,2,81.0,85.0
2026-09-26T20:34:25+00:00,ROM@ultimo_minuto,2026-10,12,116.0,153.0
2026-09-26T20:34:25+00:00,BOG@medio,2027-02,1,690.0,690.0
2026-09-26T20:34:25+00:00,BOG@medio,2026-12,1,1354.0,1354.0
2026-09-26T20:34:25+00:00,BOG@corto,2026-10,1,828.0,828.0
2026-09-26T20:34:25+00:00,MIA@medio,2027-01,1,471.0,471.0
2026-09-26T20:34:25+00:00,MIA@medio,2027-03,1,493.0,493.0
2026-09-26T20:34:25+00:00,MIA@medio,2026-12,1,807.0,807.0
2026-09-26T20:34:25+00:00,MIA@corto,2026-11,1,474.0,474.0
2026-09-26T20:34:25+00:00,MIA@corto,2026-10,2,509.0,524.0
2026-09-26T20:34:25+00:00,MEX@corto,2026-11,4,626.0,719.5
2026-09-26T20:34:25+00:00,MEX@medio,2027-01,3,627.0,630.0
2026-09-26T20:34:25+00:00,MEX@medio,2027-02,1,669.0,669.0
2026-09-26T20:34:25+00:00,MEX@medio,2026-12,3,930.0,968.0
2026-09-26T20:34:25+00:00,NYC@corto,2026-11,2,353.0,353.5
2026-09-26T20:34:25+00:00,NYC@corto,2026-10,2,401.0,471.5
2026-09-26T20:34:25+00:00,NYC@medio,2026-12,1,553.0,553.0
2026-09-26T20:34:25+00:00,DUB@corto,2026-11,1,50.0,50.0
2026-09-26T20:34:25+00:00,DUB@medio,2027-03,1,113.0,113.0
2026-09-26T20:34:25+00:00,DUB@medio,2026-12,3,143.0,164.0
2026-09-26T20:34:25+00:00,DUB@ultimo_minuto,2026-10,1,182.0,182.0
2026-09-26T20:34:25+00:00,BUD@corto,2026-11,5,87.0,114.0
2026-09-26T20:34:25+00:00,BUD@corto,2026-10,2,123.0,131.5
2026-09-26T20:34:25+00:00,BUD@medio,2026-12,11,102.0,141.0
2026-09-26T20:34:25+00:00,BUD@medio,2026-11,1,103.0,103.0
2026-09-26T20:34:25+00:00,BUD@ultimo_minuto,2026-10,3,143.0,170.0
2026-09-26T20:34:25+00:00,KRK@medio,2026-12,5,86.0,121.0
2026-09-26T20:34:25+00:00,KRK@medio,2027-02,2,96.0,106.5
2026-09-26T20:34:25+00:00,KRK@ultimo_minuto,2026-10,1,135.0,135.0
2026-09-26T20:34:25+00:00,KRK@corto,2026-10,1,151.0,151.0
2026-09-26T20:34:25+00:00,BUH@medio,2027-02,1,106.0,106.0
2026-09-26T20:34:25+00:00,BUH@medio,2026-12,1,115.0,115.0
2026-09-26T20:34:25+00:00,BUH@medio,2027-03,1,115.0,115.0
2026-09-26T20:34:25+00:00,BUH@medio,2027-01,1,203.0,203.0
2026-09-26T20:34:25+00:00,BUH@corto,2026-10,2,111.0,117.0
2026-09-26T20:34:25+00:00,BUH@ultimo_minuto,2026-10,1,193.0,193.0
2026-09-26T20:34:25+00:00,X-PMI,2026-11,13,24.0,39.0
2026-09-26T20:34:25+00:00,X-AGP,2026-09,4,72.0,88.0
2026-09-26T20:34:25+00:00,X-MIL,2026-11,16,30.0,63.0
2026-09-26T20:34:25+00:00,X-ZAG,2026-09,1,116.0,116.0
2026-09-26T20:34:25+00:00,X-BRU,2026-11,6,69.0,105.0
2026-09-26T20:34:25+00:00,X-VCE,2026-12,8,56.0,108.5
2026-09-26T20:34:25+00:00,X-CUN,2027-02,12,720.0,791.0
2026-09-26T20:34:25+00:00,X-LIM,2027-03,6,533.0,703.5
2026-09-26T20:34:25+00:00,X-FAO,2026-10,2,32.0,76.5
2026-09-26T20:34:25+00:00,X-MAH,2026-10,2,34.0,35.0
2026-09-26T20:34:25+00:00,X-AHO,2026-10,1,37.0,37.0
2026-09-26T20:34:25+00:00,X-LPA,2026-10,3,40.0,58.0
2026-09-26T20:34:25+00:00,X-BIO,2026-10,2,45.0,64.0
2026-09-26T20:34:25+00:00,X-ACE,2026-10,3,46.0,73.0
2026-09-26T20:34:25+00:00,X-OVD,2026-11,4,42.0,53.0
2026-09-26T20:34:25+00:00,X-OPO,2026-10,11,50.0,70.0
2026-09-26T20:34:25+00:00,X-LON,2026-11,12,46.0,73.0
2026-09-26T20:34:25+00:00,X-MAN,2026-10,2,56.0,89.0
2026-09-26T20:34:25+00:00,X-VLC,2026-10,2,60.0,67.0
2026-09-26T20:34:25+00:00,X-TCI,2027-01,8,57.0,86.0
2026-09-26T20:34:25+00:00,X-SDR,2026-11,2,52.0,62.0
2026-09-26T20:34:25+00:00,X-VIE,2026-10,1,72.0,72.0
2026-09-26T20:34:25+00:00,X-PMF,2026-10,1,76.0,76.0
2026-09-26T20:34:25+00:00,X-BEG,2026-10,9,85.0,146.0
2026-09-26T20:34:25+00:00,X-SOF,2026-10,2,94.0,131.5
2026-09-26T20:34:25+00:00,X-ALC,2026-10,1,97.0,97.0
2026-09-26T20:34:25+00:00,X-GOA,2026-10,1,99.0,99.0
2026-09-26T20:34:25+00:00,X-PAR,2027-01,17,69.0,101.0
2026-09-26T20:34:25+00:00,X-WRO,2026-10,1,115.0,115.0
2026-09-26T20:34:25+00:00,X-GDN,2026-11,3,51.0,91.0
2026-09-26T20:34:25+00:00,X-RMO,2026-11,3,111.0,131.0
2026-09-26T20:34:25+00:00,X-LCA,2026-11,4,121.0,141.0
2026-09-26T20:34:25+00:00,X-STO,2027-02,2,150.0,167.5
2026-09-26T20:34:25+00:00,X-IST,2027-02,11,167.0,198.0
2026-09-26T20:34:25+00:00,X-PFO,2026-10,1,268.0,268.0
2026-09-26T20:34:25+00:00,X-BCM,2026-10,1,297.0,297.0
2026-09-26T20:34:25+00:00,X-PUJ,2026-11,52,627.0,776.0
2026-09-26T20:34:25+00:00,X-CCS,2027-03,4,526.0,749.5
2026-09-26T20:34:25+00:00,X-MTY,2026-10,1,748.0,748.0
2026-09-26T20:34:25+00:00,X-SDQ,2027-02,3,615.0,809.0
2026-09-26T20:34:25+00:00,X-UIO,2027-01,4,706.0,822.5
2026-09-26T20:34:25+00:00,X-ASU,2026-10,3,915.0,1133.0
2026-09-26T20:34:25+00:00,X-SCL,2027-02,8,828.0,909.0
2026-09-26T20:34:25+00:00,X-CLO,2027-01,5,900.0,911.0
2026-09-26T20:34:25+00:00,X-BUE,2027-03,40,479.0,686.0
2026-09-26T20:34:25+00:00,X-HAV,2027-03,10,877.0,1246.0
2026-09-26T20:34:25+00:00,X-MAR,2026-10,1,1142.0,1142.0
2026-09-26T20:34:25+00:00,X-MVD,2026-10,3,1151.0,1159.0
2026-09-26T20:34:25+00:00,X-CTA,2026-11,1,38.0,38.0
2026-09-26T20:34:25+00:00,X-PSA,2026-11,1,39.0,39.0
2026-09-26T20:34:25+00:00,X-MLA,2026-11,2,53.0,74.0
2026-09-26T20:34:25+00:00,X-VGO,2026-11,1,62.0,62.0
2026-09-26T20:34:25+00:00,X-TIA,2026-11,2,71.0,75.0
2026-09-26T20:34:25+00:00,X-CPH,2026-11,2,88.0,142.5
2026-09-26T20:34:25+00:00,X-WAW,2026-11,1,94.0,94.0
2026-09-26T20:34:25+00:00,X-PRG,2026-11,3,98.0,104.0
2026-09-26T20:34:25+00:00,X-ZRH,2026-11,2,105.0,121.0
2026-09-26T20:34:25+00:00,X-GLA,2026-11,1,115.0,115.0
2026-09-26T20:34:25+00:00,X-FNC,2026-11,2,130.0,139.0
2026-09-26T20:34:25+00:00,X-SAO,2027-02,10,691.0,704.0
2026-09-26T20:34:25+00:00,X-RIO,2026-11,1,719.0,719.0
2026-09-26T20:34:25+00:00,X-SJO,2027-02,6,592.0,714.0
2026-09-26T20:34:25+00:00,X-MDE,2026-11,2,861.0,885.5
2026-09-26T20:34:25+00:00,X-SCU,2026-11,1,7114.0,7114.0
2026-09-26T20:34:25+00:00,X-BRS,2026-12,1,49.0,49.0
2026-09-26T20:34:25+00:00,X-LYS,2026-12,2,103.0,104.5
2026-09-26T20:34:25+00:00,X-NAP,2026-12,1,111.0,111.0
2026-09-26T20:34:25+00:00,X-NCE,2026-12,1,124.0,124.0
2026-09-26T20:34:25+00:00,X-BLQ,2027-01,2,98.0,116.0
2026-09-26T20:34:25+00:00,X-BOD,2026-12,1,144.0,144.0
2026-09-26T20:34:25+00:00,X-EAP,2026-12,1,145.0,145.0
2026-09-26T20:34:25+00:00,X-FRA,2026-12,1,198.0,198.0
2026-09-26T20:34:25+00:00,X-HEL,2026-12,4,247.0,279.5
2026-09-26T20:34:25+00:00,X-AYT,2027-02,5,228.0,253.0
2026-09-26T20:34:25+00:00,X-PTY,2027-02,2,621.0,913.5
2026-09-26T20:34:25+00:00,X-GVA,2027-01,1,120.0,120.0
2026-09-26T20:34:25+00:00,X-LUX,2027-01,1,154.0,154.0
2026-09-26T20:34:25+00:00,X-INN,2027-01,1,194.0,194.0
2026-09-26T20:34:25+00:00,X-TOS,2027-01,2,194.0,209.0
2026-09-26T20:34:25+00:00,X-ANK,2027-01,1,259.0,259.0
2026-09-26T20:34:25+00:00,X-GYE,2027-01,1,644.0,644.0
2026-09-26T20:34:25+00:00,X-SSA,2027-01,3,962.0,972.0
2026-09-26T20:34:25+00:00,X-MGF,2027-01,1,1070.0,1070.0
2026-09-26T20:34:25+00:00,X-USH,2027-01,1,1202.0,1202.0
2026-09-26T20:34:25+00:00,X-TRN,2027-02,1,91.0,91.0
2026-09-26T20:34:25+00:00,X-FLR,2027-02,1,146.0,146.0
2026-09-26T20:34:25+00:00,X-KTT,2027-02,1,265.0,265.0
2026-09-26T20:34:25+00:00,X-CTG,2027-02,1,857.0,857.0
2026-09-26T20:34:25+00:00,X-SJJ,2027-03,1,194.0,194.0
2026-09-26T21:04:56+00:00,BER@corto,2026-11,3,98.0,134.0
2026-09-26T21:04:56+00:00,BER@corto,2026-10,3,194.0,220.0
2026-09-26T21:04:56+00:00,BER@ultimo_minuto,2026-10,4,138.0,209.5
2026-09-26T21:04:56+00:00,MUC@corto,2026-10,2,173.0,206.5
2026-09-26T21:04:56+00:00,MUC@corto,2026-11,1,183.0,183.0
2026-09-26T21:04:56+00:00,MUC@ultimo_minuto,2026-10,3,238.0,246.0
2026-09-26T21:04:56+00:00,BCN@corto,2026-10,5,90.0,100.0
2026-09-26T21:04:56+00:00,BCN@ultimo_minuto,2026-10,1,134.0,134.0
2026-09-26T21:04:56+00:00,IBZ@corto,2026-10,2,36.0,38.0
2026-09-26T21:04:56+00:00,IBZ@ultimo_minuto,2026-10,2,153.0,157.0
2026-09-26T21:04:56+00:00,AMS@corto,2026-11,2,174.0,176.0
2026-09-26T21:04:56+00:00,AMS@corto,2026-10,9,201.0,227.0
2026-09-26T21:04:56+00:00,AMS@ultimo_minuto,2026-10,7,180.0,233.0
2026-09-26T21:04:56+00:00,AMS@ultimo_minuto,2026-09,2,222.0,227.0
2026-09-26T21:04:56+00:00,LIS@corto,2026-11,2,59.0,59.0
2026-09-26T21:04:56+00:00,LIS@corto,2026-10,6,67.0,85.5
2026-09-26T21:04:56+00:00,LIS@ultimo_minuto,2026-10,6,138.0,170.0
2026-09-26T21:04:56+00:00,LIS@ultimo_minuto,2026-09,4,157.0,174.0
2026-09-26T21:04:56+00:00,ROM@corto,2026-11,2,60.0,64.0
2026-09-26T21:04:56+00:00,ROM@corto,2026-10,8,89.0,118.0
2026-09-26T21:04:56+00:00,ROM@ultimo_minuto,2026-09,2,81.0,85.0
2026-09-26T21:04:56+00:00,ROM@ultimo_minuto,2026-10,12,116.0,153.0
2026-09-26T21:04:56+00:00,BOG@corto,2026-10,1,828.0,828.0
2026-09-26T21:04:56+00:00,MIA@corto,2026-11,1,474.0,474.0
2026-09-26T21:04:56+00:00,MIA@corto,2026-10,2,509.0,524.0
2026-09-26T21:04:56+00:00,MEX@corto,2026-11,4,626.0,719.5
2026-09-26T21:04:56+00:00,NYC@corto,2026-11,2,353.0,353.5
2026-09-26T21:04:56+00:00,NYC@corto,2026-10,2,401.0,471.5
2026-09-26T21:04:56+00:00,DUB@corto,2026-11,1,50.0,50.0
2026-09-26T21:04:56+00:00,DUB@ultimo_minuto,2026-10,1,182.0,182.0
2026-09-26T21:04:56+00:00,BUD@corto,2026-11,5,87.0,114.0
2026-09-26T21:04:56+00:00,BUD@corto,2026-10,2,123.0,131.5
2026-09-26T21:04:56+00:00,BUD@ultimo_minuto,2026-10,3,143.0,152.0
2026-09-26T21:04:56+00:00,KRK@ultimo_minuto,2026-10,1,135.0,135.0
2026-09-26T21:04:56+00:00,KRK@corto,2026-10,1,151.0,151.0
2026-09-26T21:04:56+00:00,BUH@corto,2026-10,2,111.0,117.0
2026-09-26T21:04:56+00:00,BUH@ultimo_minuto,2026-10,1,193.0,193.0
2026-09-26T21:04:56+00:00,X-PMI,2026-11,9,24.0,47.0
2026-09-26T21:04:56+00:00,X-AGP,2026-09,5,72.0,88.0
2026-09-26T21:04:56+00:00,X-MIL,2026-11,12,30.0,54.5
2026-09-26T21:04:56+00:00,X-ZAG,2026-09,1,116.0,116.0
2026-09-26T21:04:56+00:00,X-BRU,2026-11,3,80.0,141.0
2026-09-26T21:04:56+00:00,X-VCE,2026-10,5,75.0,130.0
2026-09-26T21:04:56+00:00,X-CUN,2026-10,3,827.0,834.0
2026-09-26T21:04:56+00:00,X-LIM,2026-11,4,697.0,703.5
2026-09-26T21:04:56+00:00,X-FAO,2026-10,2,32.0,76.5
2026-09-26T21:04:56+00:00,X-MAH,2026-10,2,34.0,35.0
2026-09-26T21:04:56+00:00,X-LPA,2026-10,2,40.0,49.0
2026-09-26T21:04:56+00:00,X-BIO,2026-10,2,45.0,64.0
2026-09-26T21:04:56+00:00,X-AHO,2026-10,1,46.0,46.0
2026-09-26T21:04:56+00:00,X-ACE,2026-10,2,46.0,59.5
2026-09-26T21:04:56+00:00,X-OVD,2026-11,2,42.0,44.5
2026-09-26T21:04:56+00:00,X-OPO,2026-10,7,50.0,64.0
2026-09-26T21:04:56+00:00,X-LON,2026-11,6,46.0,74.0
2026-09-26T21:04:56+00:00,X-MAN,2026-10,2,56.0,89.0
2026-09-26T21:04:56+00:00,X-VLC,2026-10,1,60.0,60.0
2026-09-26T21:04:56+00:00,X-TCI,2026-10,4,69.0,86.0
2026-09-26T21:04:56+00:00,X-SDR,2026-11,2,52.0,62.0
2026-09-26T21:04:56+00:00,X-VIE,2026-10,1,72.0,72.0
2026-09-26T21:04:56+00:00,X-BEG,2026-10,7,85.0,146.0
2026-09-26T21:04:56+00:00,X-SOF,2026-10,2,94.0,110.0
2026-09-26T21:04:56+00:00,X-ALC,2026-10,1,97.0,97.0
2026-09-26T21:04:56+00:00,X-GOA,2026-10,1,99.0,99.0
2026-09-26T21:04:56+00:00,X-PAR,2026-11,6,90.0,103.5
2026-09-26T21:04:56+00:00,X-WRO,2026-10,1,115.0,115.0
2026-09-26T21:04:56+00:00,X-GDN,2026-11,2,51.0,91.0
2026-09-26T21:04:56+00:00,X-RMO,2026-11,2,111.0,127.0
2026-09-26T21:04:56+00:00,X-LCA,2026-11,2,138.0,153.5
2026-09-26T21:04:56+00:00,X-STO,2026-10,1,185.0,185.0
2026-09-26T21:04:56+00:00,X-IST,2026-11,2,194.0,206.5
2026-09-26T21:04:56+00:00,X-PFO,2026-10,1,268.0,268.0
2026-09-26T21:04:56+00:00,X-BCM,2026-10,1,297.0,297.0
2026-09-26T21:04:56+00:00,X-PUJ,2026-11,11,627.0,949.0
2026-09-26T21:04:56+00:00,X-CCS,2026-10,1,735.0,735.0
2026-09-26T21:04:56+00:00,X-MTY,2026-10,1,748.0,748.0
2026-09-26T21:04:56+00:00,X-SDQ,2026-10,1,809.0,809.0
2026-09-26T21:04:56+00:00,X-UIO,2026-10,1,828.0,828.0
2026-09-26T21:04:56+00:00,X-ASU,2026-10,1,915.0,915.0
2026-09-26T21:04:56+00:00,X-SCL,2026-10,1,958.0,958.0
2026-09-26T21:04:56+00:00,X-CLO,2026-10,1,977.0,977.0
2026-09-26T21:04:56+00:00,X-BUE,2026-11,6,781.0,1043.5
2026-09-26T21:04:56+00:00,X-HAV,2026-10,7,1049.0,1246.0
2026-09-26T21:04:56+00:00,X-MAR,2026-10,1,1142.0,1142.0
2026-09-26T21:04:56+00:00,X-MVD,2026-10,3,1151.0,1159.0
2026-09-26T21:04:56+00:00,X-CTA,2026-11,1,38.0,38.0
2026-09-26T21:04:56+00:00,X-PSA,2026-11,1,39.0,39.0
2026-09-26T21:04:56+00:00,X-MLA,2026-11,1,53.0,53.0
2026-09-26T21:04:56+00:00,X-VGO,2026-11,1,62.0,62.0
2026-09-26T21:04:56+00:00,X-TIA,2026-11,1,71.0,71.0
2026-09-26T21:04:56+00:00,X-WAW,2026-11,1,94.0,94.0
2026-09-26T21:04:56+00:00,X-PRG,2026-11,2,98.0,101.0
2026-09-26T21:04:56+00:00,X-ZRH,2026-11,1,105.0,105.0
2026-09-26T21:04:56+00:00,X-GLA,2026-11,1,115.0,115.0
2026-09-26T21:04:56+00:00,X-CPH,2026-11,1,121.0,121.0
2026-09-26T21:04:56+00:00,X-FNC,2026-11,2,130.0,139.0
2026-09-26T21:04:56+00:00,X-SAO,2026-11,2,705.0,713.0
2026-09-26T21:04:56+00:00,X-RIO,2026-11,1,719.0,719.0
2026-09-26T21:04:56+00:00,X-MDE,2026-11,1,861.0,861.0
2026-09-26T21:04:56+00:00,X-SCU,2026-11,1,7114.0,7114.0
