ts,clave,tipo,salida,regreso,precio
2026-09-26T12:01:08+00:00,BOG,candidato,2027-02-13,2027-02-27,830.0
2026-09-26T12:01:08+00:00,BOG,candidato,2026-10-21,2026-11-09,886.0
2026-09-26T12:01:08+00:00,BOG,candidato,2026-12-23,2027-01-09,1657.0
2026-09-26T12:01:08+00:00,BOG,muestra,2026-10-03,2026-10-23,886.0
2026-09-26T12:01:08+00:00,BOG,muestra,2026-10-14,2026-11-03,963.0
2026-09-26T12:01:08+00:00,CTG,candidato,2027-02-04,2027-02-18,1190.0
2026-09-26T12:01:08+00:00,CTG,muestra,2026-10-08,2026-10-29,1165.0
2026-09-26T12:01:08+00:00,CTG,muestra,2026-10-19,2026-11-03,1147.0
2026-09-26T12:01:08+00:00,BER,candidato,2026-11-24,2026-11-27,208.0
2026-09-26T12:01:08+00:00,BER,candidato,2026-12-17,2026-12-20,204.0
2026-09-26T12:01:08+00:00,MUC,candidato,2026-10-14,2026-10-17,284.0
2026-09-26T12:01:08+00:00,MUC,candidato,2026-11-06,2026-11-09,238.0
2026-09-26T12:01:08+00:00,MUC,muestra,2026-10-18,2026-10-23,400.0
2026-09-26T12:01:08+00:00,MUC,muestra,2026-10-29,2026-11-03,247.0
2026-09-26T12:01:08+00:00,ROM,candidato,2027-01-12,2027-01-15,101.0
2026-09-26T12:01:08+00:00,ROM,candidato,2026-11-05,2026-11-08,106.0
2026-09-26T12:01:08+00:00,ROM,candidato,2027-02-04,2027-02-07,92.0
2026-09-26T12:01:08+00:00,ROM,muestra,2026-11-03,2026-11-08,96.0
2026-09-26T12:01:08+00:00,BCN,candidato,2026-11-11,2026-11-15,140.0
2026-09-26T12:01:08+00:00,BCN,candidato,2026-10-30,2026-11-04,169.0
2026-09-26T12:01:08+00:00,BCN,candidato,2026-10-16,2026-10-19,188.0
2026-09-26T12:01:08+00:00,BCN,muestra,2026-10-28,2026-10-31,119.0
2026-09-26T12:01:08+00:00,BCN,muestra,2026-11-08,2026-11-12,107.0
2026-09-26T12:01:08+00:00,NYC,candidato,2027-02-07,2027-02-21,588.0
2026-09-26T12:01:08+00:00,NYC,candidato,2027-01-26,2027-02-14,495.0
2026-09-26T12:01:08+00:00,NYC,muestra,2026-11-07,2026-11-25,439.0
2026-09-26T12:01:08+00:00,NYC,muestra,2026-11-18,2026-12-02,424.0
2026-09-26T12:01:08+00:00,MIA,candidato,2027-01-26,2027-02-09,472.0
2026-09-26T12:01:08+00:00,MIA,candidato,2027-03-06,2027-03-20,497.0
2026-09-26T12:01:08+00:00,LAX,candidato,2026-11-18,2026-12-08,701.0
2026-09-26T12:01:08+00:00,LAX,candidato,2026-11-19,2026-12-08,600.0
2026-09-26T12:01:08+00:00,LAX,candidato,2026-11-20,2026-12-08,701.0
2026-09-26T12:01:08+00:00,CHI,muestra,2026-12-03,2026-12-21,831.0
2026-09-26T12:01:08+00:00,BOS,muestra,2026-11-27,2026-12-11,529.0
2026-09-26T12:01:08+00:00,BOS,muestra,2026-12-08,2026-12-24,617.0
2026-09-26T12:01:08+00:00,ORL,muestra,2026-12-02,2026-12-17,735.0
2026-09-26T12:01:08+00:00,SFO,candidato,2026-11-06,2026-11-22,654.0
2026-09-26T12:01:08+00:00,SFO,muestra,2026-12-18,2027-01-04,918.0
